ACC_X,ACC_Y,ACC_Z,LIGH_1,TIME,VOICE
9.031,-2.719,2.394,0.0,2017-02-23 22:22:56,-Infinity
9.069,-2.949,1.551,0.0,2017-02-23 22:22:57,-Infinity
9.184,-3.294,0.9,0.0,2017-02-23 22:22:58,-Infinity
9.031,-3.332,0.785,0.0,2017-02-23 22:22:59,-Infinity
9.107,-3.256,0.938,0.0,2017-02-23 22:23:00,-Infinity
9.069,-3.294,0.747,0.0,2017-02-23 22:23:01,-Infinity
9.107,-3.256,0.823,0.0,2017-02-23 22:23:02,-Infinity
9.184,-3.179,0.861,0.0,2017-02-23 22:23:03,-Infinity
9.146,-3.217,0.708,0.0,2017-02-23 22:23:04,-Infinity
9.107,-3.217,0.976,0.0,2017-02-23 22:23:05,-Infinity
9.146,-3.217,0.747,0.0,2017-02-23 22:23:06,-Infinity
9.146,-3.217,0.823,0.0,2017-02-23 22:23:07,-Infinity
9.031,-3.256,0.938,0.0,2017-02-23 22:23:08,-Infinity
8.992,-3.217,1.091,0.0,2017-02-23 22:23:09,-Infinity
8.686,-3.677,1.13,0.0,2017-02-23 22:23:10,-Infinity
8.686,-3.83,1.015,0.0,2017-02-23 22:23:11,-Infinity
8.801,-4.022,0.632,0.0,2017-02-23 22:23:12,-Infinity
8.724,-3.83,0.976,0.0,2017-02-23 22:23:13,-Infinity
9.107,-3.601,0.287,0.0,2017-02-23 22:23:14,-Infinity
8.839,-3.869,0.747,0.0,2017-02-23 22:23:15,-Infinity
8.724,-4.022,0.708,0.0,2017-02-23 22:23:16,-Infinity
8.763,-3.754,0.938,0.0,2017-02-23 22:23:17,-Infinity
8.878,-3.639,0.938,0.0,2017-02-23 22:23:18,-Infinity
8.839,-3.715,0.785,0.0,2017-02-23 22:23:19,-Infinity
8.916,-3.601,0.938,0.0,2017-02-23 22:23:20,-Infinity
8.916,-3.562,0.9,0.0,2017-02-23 22:23:21,-Infinity
8.916,-3.601,0.861,0.0,2017-02-23 22:23:22,-Infinity
8.916,-3.562,0.861,0.0,2017-02-23 22:23:23,-Infinity
9.031,-3.524,0.823,0.0,2017-02-23 22:23:24,-Infinity
8.992,-3.486,0.9,0.0,2017-02-23 22:23:26,-Infinity
8.954,-3.524,0.9,0.0,2017-02-23 22:23:27,-Infinity
8.992,-3.447,0.785,0.0,2017-02-23 22:23:28,-Infinity
8.954,-3.447,0.938,0.0,2017-02-23 22:23:29,-Infinity
8.954,-3.409,0.938,0.0,2017-02-23 22:23:30,-Infinity
9.031,-3.256,0.861,0.0,2017-02-23 22:23:31,-Infinity
9.107,-3.294,0.747,0.0,2017-02-23 22:23:32,-Infinity
9.031,-3.256,0.823,0.0,2017-02-23 22:23:33,-Infinity
9.107,-3.217,0.938,0.0,2017-02-23 22:23:34,-Infinity
9.069,-3.179,1.015,0.0,2017-02-23 22:23:35,-Infinity
9.146,-3.217,0.823,0.0,2017-02-23 22:23:36,-Infinity
9.146,-3.141,0.861,0.0,2017-02-23 22:23:37,-Infinity
8.916,-3.141,0.632,0.0,2017-02-23 22:23:38,-Infinity
8.954,-3.294,1.015,0.0,2017-02-23 22:23:39,-Infinity
9.146,-3.179,0.823,0.0,2017-02-23 22:23:40,-Infinity
9.146,-3.141,0.823,0.0,2017-02-23 22:23:41,-Infinity
9.031,-3.141,0.823,0.0,2017-02-23 22:23:42,-Infinity
9.107,-3.102,0.785,0.0,2017-02-23 22:23:43,-Infinity
9.146,-3.064,0.823,0.0,2017-02-23 22:23:44,-Infinity
9.146,-3.064,0.785,0.0,2017-02-23 22:23:45,-Infinity
9.184,-2.988,0.9,0.0,2017-02-23 22:23:46,-Infinity
9.107,-3.447,0.593,0.0,2017-02-23 22:23:47,-Infinity
8.763,-3.524,1.206,0.0,2017-02-23 22:23:48,-Infinity
9.031,-3.217,0.632,0.0,2017-02-23 22:23:49,-Infinity
9.031,-3.294,0.44,0.0,2017-02-23 22:23:50,-Infinity
9.069,-2.988,0.402,0.0,2017-02-23 22:23:51,-Infinity
9.184,-3.179,0.402,0.0,2017-02-23 22:23:52,-Infinity
9.069,-3.256,0.402,0.0,2017-02-23 22:23:53,-Infinity
9.146,-3.256,0.517,0.0,2017-02-23 22:23:54,-Infinity
9.031,-3.256,0.555,0.0,2017-02-23 22:23:55,-Infinity
9.031,-3.217,0.478,0.0,2017-02-23 22:23:56,-Infinity
8.992,-3.294,0.478,0.0,2017-02-23 22:23:57,-Infinity
9.031,-3.217,0.632,0.0,2017-02-23 22:23:58,-Infinity
9.069,-3.256,0.593,0.0,2017-02-23 22:23:59,-Infinity
9.069,-3.256,0.555,0.0,2017-02-23 22:24:00,-Infinity
9.107,-3.102,0.593,0.0,2017-02-23 22:24:01,-Infinity
9.299,-2.911,0.823,0.0,2017-02-23 22:24:02,-Infinity
9.031,-3.332,0.593,0.0,2017-02-23 22:24:03,-Infinity
9.031,-3.256,0.708,0.0,2017-02-23 22:24:04,-Infinity
9.107,-2.834,0.785,0.0,2017-02-23 22:24:05,-Infinity
9.184,-3.102,0.593,0.0,2017-02-23 22:24:06,-Infinity
9.184,-2.988,0.785,0.0,2017-02-23 22:24:07,-Infinity
9.146,-3.179,0.67,0.0,2017-02-23 22:24:08,-Infinity
9.222,-2.873,0.67,0.0,2017-02-23 22:24:09,-Infinity
9.146,-3.217,0.632,0.0,2017-02-23 22:24:10,-Infinity
9.107,-3.294,0.478,0.0,2017-02-23 22:24:12,-Infinity
9.069,-3.294,0.9,0.0,2017-02-23 22:24:13,-Infinity
9.184,-3.141,0.67,0.0,2017-02-23 22:24:14,-Infinity
9.069,-3.294,0.708,0.0,2017-02-23 22:24:15,-Infinity
9.069,-3.371,0.67,0.0,2017-02-23 22:24:16,-Infinity
8.992,-3.256,0.632,0.0,2017-02-23 22:24:17,-Infinity
9.107,-3.294,0.555,0.0,2017-02-23 22:24:18,-Infinity
9.031,-3.217,0.708,0.0,2017-02-23 22:24:19,-Infinity
9.031,-3.256,0.632,0.0,2017-02-23 22:24:20,-Infinity
9.107,-3.294,0.593,0.0,2017-02-23 22:24:21,-Infinity
9.107,-3.294,0.708,0.0,2017-02-23 22:24:22,-Infinity
9.107,-3.217,0.593,0.0,2017-02-23 22:24:23,-Infinity
9.031,-3.256,0.67,0.0,2017-02-23 22:24:24,-Infinity
9.107,-3.179,0.632,0.0,2017-02-23 22:24:25,-Infinity
9.069,-3.179,0.708,0.0,2017-02-23 22:24:26,-Infinity
9.184,-3.141,0.747,0.0,2017-02-23 22:24:27,-Infinity
9.146,-3.179,0.555,0.0,2017-02-23 22:24:28,-Infinity
9.146,-3.217,0.593,0.0,2017-02-23 22:24:29,-Infinity
9.146,-3.141,0.632,0.0,2017-02-23 22:24:30,-Infinity
9.184,-2.949,0.708,0.0,2017-02-23 22:24:31,-Infinity
9.184,-2.834,0.938,0.0,2017-02-23 22:24:32,-Infinity
9.222,-2.949,0.823,0.0,2017-02-23 22:24:33,-Infinity
9.031,-3.256,1.091,0.0,2017-02-23 22:24:34,-Infinity
8.992,-2.949,1.628,0.0,2017-02-23 22:24:35,-Infinity
9.184,-2.719,1.589,0.0,2017-02-23 22:24:36,-Infinity
9.069,-3.256,0.747,0.0,2017-02-23 22:24:37,-Infinity
8.954,-3.524,0.976,0.0,2017-02-23 22:24:38,-Infinity
9.069,-3.217,0.938,0.0,2017-02-23 22:24:39,-Infinity
9.069,-3.332,1.091,0.0,2017-02-23 22:24:40,-Infinity
8.992,-3.294,1.015,0.0,2017-02-23 22:24:41,-Infinity
8.992,-3.294,0.938,0.0,2017-02-23 22:24:42,-Infinity
9.069,-3.332,0.976,0.0,2017-02-23 22:24:43,-Infinity
9.069,-3.102,1.053,0.0,2017-02-23 22:24:44,-Infinity
9.146,-3.179,1.091,0.0,2017-02-23 22:24:45,-Infinity
9.031,-3.217,1.245,0.0,2017-02-23 22:24:46,-Infinity
9.107,-3.294,0.9,0.0,2017-02-23 22:24:47,-Infinity
9.031,-3.294,1.015,0.0,2017-02-23 22:24:48,-Infinity
8.839,-3.83,1.053,0.0,2017-02-23 22:24:49,-Infinity
8.878,-3.984,0.517,0.0,2017-02-23 22:24:50,-Infinity
8.686,-4.099,0.555,0.0,2017-02-23 22:24:51,-Infinity
8.878,-3.869,0.517,0.0,2017-02-23 22:24:52,-Infinity
8.916,-3.869,0.402,0.0,2017-02-23 22:24:53,-Infinity
8.916,-3.754,0.555,0.0,2017-02-23 22:24:54,-Infinity
8.916,-3.677,0.555,0.0,2017-02-23 22:24:55,-Infinity
8.916,-3.677,0.555,0.0,2017-02-23 22:24:56,-Infinity
8.954,-3.524,0.632,0.0,2017-02-23 22:24:57,-Infinity
8.916,-3.677,0.44,0.0,2017-02-23 22:24:59,-Infinity
8.916,-3.601,0.823,0.0,2017-02-23 22:25:00,-Infinity
8.954,-3.562,0.67,0.0,2017-02-23 22:25:01,-Infinity
9.031,-3.447,0.593,0.0,2017-02-23 22:25:02,-Infinity
8.992,-3.447,0.555,0.0,2017-02-23 22:25:03,-Infinity
9.107,-3.371,0.593,0.0,2017-02-23 22:25:04,-Infinity
8.992,-3.332,0.747,0.0,2017-02-23 22:25:05,-Infinity
9.069,-3.447,0.632,0.0,2017-02-23 22:25:06,-Infinity
8.992,-3.371,0.555,0.0,2017-02-23 22:25:07,-Infinity
8.992,-3.447,0.555,0.0,2017-02-23 22:25:08,-Infinity
8.992,-3.409,0.593,0.0,2017-02-23 22:25:09,-Infinity
9.146,-3.409,0.632,0.0,2017-02-23 22:25:10,-Infinity
9.069,-3.447,0.593,0.0,2017-02-23 22:25:11,-Infinity
9.107,-3.371,0.555,0.0,2017-02-23 22:25:12,-Infinity
8.954,-3.332,0.632,0.0,2017-02-23 22:25:13,-Infinity
9.107,-3.256,0.593,0.0,2017-02-23 22:25:14,-Infinity
9.069,-3.294,0.67,0.0,2017-02-23 22:25:15,-Infinity
9.031,-3.217,0.517,0.0,2017-02-23 22:25:16,-Infinity
9.069,-3.294,0.632,0.0,2017-02-23 22:25:17,-Infinity
8.992,-3.371,0.785,0.0,2017-02-23 22:25:18,-Infinity
8.839,-3.294,0.823,0.0,2017-02-23 22:25:19,-Infinity
8.303,-4.405,0.785,0.0,2017-02-23 22:25:20,-Infinity
8.916,-3.945,0.708,0.0,2017-02-23 22:25:21,-Infinity
8.724,-3.754,0.938,0.0,2017-02-23 22:25:22,-Infinity
8.954,-3.371,1.206,0.0,2017-02-23 22:25:23,-Infinity
8.992,-3.486,1.206,0.0,2017-02-23 22:25:24,-Infinity
9.031,-3.256,1.13,0.0,2017-02-23 22:25:25,-Infinity
9.031,-3.332,1.359,0.0,2017-02-23 22:25:26,-Infinity
9.069,-3.256,1.206,0.0,2017-02-23 22:25:27,-Infinity
9.031,-3.179,1.245,0.0,2017-02-23 22:25:28,-Infinity
9.069,-3.179,1.321,0.0,2017-02-23 22:25:29,-Infinity
9.069,-3.141,1.245,0.0,2017-02-23 22:25:30,-Infinity
9.146,-3.179,1.245,0.0,2017-02-23 22:25:31,-Infinity
9.069,-3.064,1.206,0.0,2017-02-23 22:25:32,-Infinity
9.069,-2.988,1.398,0.0,2017-02-23 22:25:33,-Infinity
9.031,-3.256,1.245,0.0,2017-02-23 22:25:34,-Infinity
9.069,-2.949,1.359,0.0,2017-02-23 22:25:35,-Infinity
9.146,-2.834,1.398,0.0,2017-02-23 22:25:36,-Infinity
9.146,-2.873,1.359,0.0,2017-02-23 22:25:37,-Infinity
9.146,-2.834,1.321,0.0,2017-02-23 22:25:38,-Infinity
9.107,-2.758,1.436,0.0,2017-02-23 22:25:39,-Infinity
9.146,-2.834,1.398,0.0,2017-02-23 22:25:40,-Infinity
9.184,-2.758,1.359,0.0,2017-02-23 22:25:41,-Infinity
9.184,-2.681,1.398,0.0,2017-02-23 22:25:42,-Infinity
9.146,-2.873,1.436,0.0,2017-02-23 22:25:43,-Infinity
9.107,-2.758,1.359,0.0,2017-02-23 22:25:44,-Infinity
9.222,-2.758,1.359,0.0,2017-02-23 22:25:45,-Infinity
9.107,-2.758,1.245,0.0,2017-02-23 22:25:47,-Infinity
9.184,-2.719,1.359,0.0,2017-02-23 22:25:48,-Infinity
9.146,-2.758,1.513,0.0,2017-02-23 22:25:49,-Infinity
9.146,-2.796,1.513,0.0,2017-02-23 22:25:50,-Infinity
9.146,-2.758,1.436,0.0,2017-02-23 22:25:51,-Infinity
9.184,-2.719,1.321,0.0,2017-02-23 22:25:52,-Infinity
9.146,-2.796,1.359,0.0,2017-02-23 22:25:53,-Infinity
9.261,-2.719,1.359,0.0,2017-02-23 22:25:54,-Infinity
9.222,-2.758,1.359,0.0,2017-02-23 22:25:55,-Infinity
9.146,-2.758,1.398,0.0,2017-02-23 22:25:56,-Infinity
9.222,-2.758,1.398,0.0,2017-02-23 22:25:57,-Infinity
8.571,-3.601,-0.019,0.0,2017-02-23 22:25:58,-Infinity
8.418,-4.52,-0.134,0.0,2017-02-23 22:25:59,-Infinity
8.494,-4.558,0.019,0.0,2017-02-23 22:26:00,-Infinity
8.494,-4.635,-0.095,0.0,2017-02-23 22:26:01,-Infinity
8.533,-4.482,-0.019,0.0,2017-02-23 22:26:02,-Infinity
8.686,-4.367,0.019,0.0,2017-02-23 22:26:03,-Infinity
8.533,-4.405,0.287,0.0,2017-02-23 22:26:04,-Infinity
8.456,-4.175,0.325,0.0,2017-02-23 22:26:05,-Infinity
8.609,-4.29,0.134,0.0,2017-02-23 22:26:06,-Infinity
8.609,-4.022,0.402,0.0,2017-02-23 22:26:07,-Infinity
8.724,-4.022,0.325,0.0,2017-02-23 22:26:08,-Infinity
8.763,-3.984,0.325,0.0,2017-02-23 22:26:09,-Infinity
8.839,-3.907,0.402,0.0,2017-02-23 22:26:10,-Infinity
8.839,-3.907,0.44,0.0,2017-02-23 22:26:11,-Infinity
8.801,-3.945,0.363,0.0,2017-02-23 22:26:12,-Infinity
8.839,-3.83,0.325,0.0,2017-02-23 22:26:13,-Infinity
8.839,-3.869,0.517,0.0,2017-02-23 22:26:14,-Infinity
8.916,-3.754,0.517,0.0,2017-02-23 22:26:15,-Infinity
8.954,-3.792,0.555,0.0,2017-02-23 22:26:16,-Infinity
8.839,-3.792,0.632,0.0,2017-02-23 22:26:17,-Infinity
8.916,-3.792,0.363,0.0,2017-02-23 22:26:18,-Infinity
8.878,-3.754,0.325,0.0,2017-02-23 22:26:19,-Infinity
8.801,-3.83,-0.095,0.0,2017-02-23 22:26:20,-Infinity
8.801,-3.83,-0.172,0.0,2017-02-23 22:26:21,-Infinity
8.916,-3.715,-0.057,0.0,2017-02-23 22:26:22,-Infinity
8.954,-3.639,-0.019,0.0,2017-02-23 22:26:23,-Infinity
8.839,-3.715,-0.019,0.0,2017-02-23 22:26:24,-Infinity
8.954,-3.677,-0.095,0.0,2017-02-23 22:26:25,-Infinity
8.916,-3.754,0.019,0.0,2017-02-23 22:26:26,-Infinity
8.916,-3.601,0.057,0.0,2017-02-23 22:26:27,-Infinity
8.954,-3.677,-0.057,0.0,2017-02-23 22:26:28,-Infinity
8.916,-3.639,0.095,0.0,2017-02-23 22:26:29,-Infinity
8.916,-3.639,-0.057,0.0,2017-02-23 22:26:30,-Infinity
8.916,-3.677,0.019,0.0,2017-02-23 22:26:31,-Infinity
8.992,-3.562,0.095,0.0,2017-02-23 22:26:32,-Infinity
8.916,-3.754,-0.057,0.0,2017-02-23 22:26:34,-Infinity
8.992,-3.562,0.019,0.0,2017-02-23 22:26:35,-Infinity
9.031,-3.486,0.134,0.0,2017-02-23 22:26:36,-Infinity
8.992,-3.524,0.134,0.0,2017-02-23 22:26:37,-Infinity
8.916,-3.601,0.172,0.0,2017-02-23 22:26:38,-Infinity
8.916,-3.562,0.249,0.0,2017-02-23 22:26:39,-Infinity
8.992,-3.562,0.134,0.0,2017-02-23 22:26:40,-Infinity
8.992,-3.524,0.057,0.0,2017-02-23 22:26:41,-Infinity
8.954,-3.524,0.172,0.0,2017-02-23 22:26:42,-Infinity
8.992,-3.447,0.172,0.0,2017-02-23 22:26:43,-Infinity
9.069,-3.447,0.21,0.0,2017-02-23 22:26:44,-Infinity
9.069,-3.447,0.095,0.0,2017-02-23 22:26:45,-Infinity
9.031,-3.447,0.287,0.0,2017-02-23 22:26:46,-Infinity
9.069,-3.486,0.134,0.0,2017-02-23 22:26:47,-Infinity
8.992,-3.486,0.249,0.0,2017-02-23 22:26:48,-Infinity
9.031,-3.486,0.325,0.0,2017-02-23 22:26:49,-Infinity
9.069,-3.409,0.287,0.0,2017-02-23 22:26:50,-Infinity
9.031,-3.409,0.249,0.0,2017-02-23 22:26:51,-Infinity
9.069,-3.371,0.21,0.0,2017-02-23 22:26:52,-Infinity
9.069,-3.409,0.057,0.0,2017-02-23 22:26:53,-Infinity
8.954,-3.294,0.363,0.0,2017-02-23 22:26:54,-Infinity
9.031,-3.294,0.287,0.0,2017-02-23 22:26:55,-Infinity
8.839,-3.486,0.287,0.0,2017-02-23 22:26:56,-Infinity
8.609,-3.754,1.781,0.0,2017-02-23 22:26:57,-Infinity
8.724,-3.677,0.134,0.0,2017-02-23 22:26:58,-Infinity
6.885,-0.689,6.608,4.0,2017-02-23 22:26:59,-Infinity
9.49,-2.949,3.007,0.0,2017-02-23 22:27:00,-Infinity
8.763,-3.562,1.053,0.0,2017-02-23 22:27:01,-Infinity
8.686,-4.06,1.053,0.0,2017-02-23 22:27:02,-Infinity
7.805,-4.711,0.402,0.0,2017-02-23 22:27:03,-Infinity
8.954,-3.754,1.168,0.0,2017-02-23 22:27:04,-Infinity
8.839,-3.601,1.245,0.0,2017-02-23 22:27:05,-Infinity
9.146,-3.754,0.67,0.0,2017-02-23 22:27:06,-Infinity
9.222,-3.026,0.363,0.0,2017-02-23 22:27:07,-Infinity
8.801,-3.754,0.134,0.0,2017-02-23 22:27:08,-Infinity
8.992,-3.486,0.478,0.0,2017-02-23 22:27:09,-Infinity
8.916,-3.524,0.287,0.0,2017-02-23 22:27:10,-Infinity
9.031,-3.294,0.402,0.0,2017-02-23 22:27:11,-Infinity
9.031,-3.486,0.287,0.0,2017-02-23 22:27:12,-Infinity
8.954,-3.447,0.402,0.0,2017-02-23 22:27:13,-Infinity
9.107,-3.332,0.363,0.0,2017-02-23 22:27:14,-Infinity
9.069,-3.217,0.402,0.0,2017-02-23 22:27:15,-Infinity
9.146,-3.141,0.44,0.0,2017-02-23 22:27:16,-Infinity
4.051,-4.022,4.731,0.0,2017-02-23 22:27:17,-Infinity
8.418,-2.106,6.301,4.0,2017-02-23 22:27:18,-Infinity
9.299,-3.409,1.13,0.0,2017-02-23 22:27:19,-Infinity
9.069,-3.486,1.283,0.0,2017-02-23 22:27:21,-Infinity
8.878,-3.562,1.091,0.0,2017-02-23 22:27:22,-Infinity
8.992,-3.524,0.44,0.0,2017-02-23 22:27:23,-Infinity
9.031,-3.601,0.363,0.0,2017-02-23 22:27:24,-Infinity
8.954,-3.562,0.287,0.0,2017-02-23 22:27:25,-Infinity
9.069,-3.447,0.249,0.0,2017-02-23 22:27:26,-Infinity
8.992,-3.486,0.287,0.0,2017-02-23 22:27:27,-Infinity
9.069,-3.371,0.249,0.0,2017-02-23 22:27:28,-Infinity
9.146,-3.409,0.057,0.0,2017-02-23 22:27:29,-Infinity
9.069,-3.371,0.095,0.0,2017-02-23 22:27:30,-Infinity
9.107,-3.332,0.172,0.0,2017-02-23 22:27:31,-Infinity
9.031,-3.409,0.21,0.0,2017-02-23 22:27:32,-Infinity
9.031,-3.371,0.057,0.0,2017-02-23 22:27:33,-Infinity
9.031,-3.332,0.057,0.0,2017-02-23 22:27:34,-Infinity
9.069,-3.256,0.134,0.0,2017-02-23 22:27:35,-Infinity
9.107,-3.294,0.019,0.0,2017-02-23 22:27:36,-Infinity
8.992,-3.256,0.172,0.0,2017-02-23 22:27:37,-Infinity
8.992,-3.371,0.44,0.0,2017-02-23 22:27:38,-Infinity
8.839,-3.984,0.172,0.0,2017-02-23 22:27:39,-Infinity
9.031,-3.601,-0.172,0.0,2017-02-23 22:27:40,-Infinity
8.648,-3.907,0.708,0.0,2017-02-23 22:27:41,-Infinity
8.533,-4.099,0.21,0.0,2017-02-23 22:27:42,-Infinity
8.265,-4.865,0.249,0.0,2017-02-23 22:27:43,-Infinity
8.341,-4.788,-0.363,0.0,2017-02-23 22:27:44,-Infinity
8.609,-4.405,-0.172,0.0,2017-02-23 22:27:45,-Infinity
8.763,-4.137,0.057,0.0,2017-02-23 22:27:46,-Infinity
8.724,-4.137,-0.21,0.0,2017-02-23 22:27:47,-Infinity
8.609,-4.175,0.019,0.0,2017-02-23 22:27:48,-Infinity
7.498,-4.443,1.13,0.0,2017-02-23 22:27:49,-Infinity
8.111,-5.133,0.478,0.0,2017-02-23 22:27:50,-Infinity
8.303,-4.826,-0.095,0.0,2017-02-23 22:27:51,-Infinity
8.303,-4.826,-0.095,0.0,2017-02-23 22:27:52,-Infinity
8.188,-4.903,-0.134,0.0,2017-02-23 22:27:53,-Infinity
8.341,-4.865,-0.172,0.0,2017-02-23 22:27:54,-Infinity
8.226,-4.826,-0.095,0.0,2017-02-23 22:27:55,-Infinity
8.265,-4.826,-0.095,0.0,2017-02-23 22:27:56,-Infinity
8.265,-4.75,-0.134,0.0,2017-02-23 22:27:57,-Infinity
8.303,-4.75,-0.134,0.0,2017-02-23 22:27:58,-Infinity
8.226,-4.597,0.21,0.0,2017-02-23 22:27:59,-Infinity
8.456,-4.597,-0.249,0.0,2017-02-23 22:28:00,-Infinity
8.341,-4.711,-0.019,0.0,2017-02-23 22:28:01,-Infinity
8.456,-4.405,-0.325,0.0,2017-02-23 22:28:02,-Infinity
8.533,-4.482,-0.478,0.0,2017-02-23 22:28:03,-Infinity
8.265,-4.367,-0.325,0.0,2017-02-23 22:28:04,-Infinity
7.843,-5.056,-0.708,0.0,2017-02-23 22:28:05,-Infinity
8.38,-4.865,-0.402,0.0,2017-02-23 22:28:06,-Infinity
8.418,-4.597,-0.134,0.0,2017-02-23 22:28:08,-Infinity
8.456,-4.635,-0.249,0.0,2017-02-23 22:28:09,-Infinity
8.494,-4.52,-0.249,0.0,2017-02-23 22:28:10,-Infinity
8.533,-4.443,-0.172,0.0,2017-02-23 22:28:11,-Infinity
8.571,-4.443,-0.325,0.0,2017-02-23 22:28:12,-Infinity
8.609,-4.52,-0.402,0.0,2017-02-23 22:28:13,-Infinity
8.571,-4.405,-0.287,0.0,2017-02-23 22:28:14,-Infinity
8.571,-4.405,-0.325,0.0,2017-02-23 22:28:15,-Infinity
8.533,-4.405,-0.287,0.0,2017-02-23 22:28:16,-Infinity
8.341,-4.597,-0.402,0.0,2017-02-23 22:28:17,-Infinity
7.92,-5.056,1.015,0.0,2017-02-23 22:28:18,-Infinity
8.494,-4.826,0.325,0.0,2017-02-23 22:28:19,-Infinity
8.303,-4.328,1.589,0.0,2017-02-23 22:28:20,-Infinity
8.494,-4.175,1.245,0.0,2017-02-23 22:28:21,-Infinity
8.609,-4.558,0.172,0.0,2017-02-23 22:28:22,-Infinity
9.529,-3.409,0.325,0.0,2017-02-23 22:28:23,-Infinity
9.146,-3.141,-0.44,0.0,2017-02-23 22:28:24,-Infinity
8.992,-3.409,0.172,0.0,2017-02-23 22:28:25,-Infinity
9.069,-3.447,0.019,0.0,2017-02-23 22:28:26,-Infinity
8.992,-3.562,-0.172,0.0,2017-02-23 22:28:27,-Infinity
9.031,-3.639,-0.325,0.0,2017-02-23 22:28:28,-Infinity
8.954,-3.677,-0.287,0.0,2017-02-23 22:28:29,-Infinity
8.916,-3.639,-0.325,0.0,2017-02-23 22:28:30,-Infinity
8.916,-3.639,-0.325,0.0,2017-02-23 22:28:31,-Infinity
8.801,-3.754,-0.287,0.0,2017-02-23 22:28:32,-Infinity
8.878,-3.715,-0.134,0.0,2017-02-23 22:28:33,-Infinity
8.916,-3.754,-0.21,0.0,2017-02-23 22:28:34,-Infinity
8.916,-3.677,-0.21,0.0,2017-02-23 22:28:35,-Infinity
8.916,-3.715,-0.325,0.0,2017-02-23 22:28:36,-Infinity
8.992,-3.677,-0.249,0.0,2017-02-23 22:28:37,-Infinity
8.878,-3.677,-0.21,0.0,2017-02-23 22:28:38,-Infinity
8.916,-3.715,-0.134,0.0,2017-02-23 22:28:39,-Infinity
8.916,-3.601,-0.21,0.0,2017-02-23 22:28:40,-Infinity
8.954,-3.601,-0.21,0.0,2017-02-23 22:28:41,-Infinity
8.954,-3.639,-0.21,0.0,2017-02-23 22:28:42,-Infinity
9.031,-3.677,-0.325,0.0,2017-02-23 22:28:43,-Infinity
8.916,-3.677,-0.325,0.0,2017-02-23 22:28:44,-Infinity
8.878,-4.06,-0.287,0.0,2017-02-23 22:28:45,-Infinity
8.839,-3.754,-0.057,0.0,2017-02-23 22:28:46,-Infinity
8.648,-3.639,-0.057,0.0,2017-02-23 22:28:47,-Infinity
8.916,-3.562,0.095,0.0,2017-02-23 22:28:48,-Infinity
8.916,-3.562,-0.057,0.0,2017-02-23 22:28:49,-Infinity
9.031,-3.371,-0.057,0.0,2017-02-23 22:28:50,-Infinity
8.992,-3.447,-0.019,0.0,2017-02-23 22:28:51,-Infinity
9.031,-3.486,0.019,0.0,2017-02-23 22:28:52,-Infinity
9.184,-3.179,-0.134,0.0,2017-02-23 22:28:53,-Infinity
8.992,-3.332,0.057,0.0,2017-02-23 22:28:55,-Infinity
8.992,-3.294,-0.172,0.0,2017-02-23 22:28:56,-Infinity
9.107,-3.409,-0.21,0.0,2017-02-23 22:28:57,-Infinity
9.031,-3.486,-0.095,0.0,2017-02-23 22:28:58,-Infinity
9.069,-3.524,-0.363,0.0,2017-02-23 22:28:59,-Infinity
8.916,-3.562,-0.249,0.0,2017-02-23 22:29:00,-Infinity
9.49,-2.988,-0.938,0.0,2017-02-23 22:29:01,-Infinity
9.031,-3.677,-0.517,0.0,2017-02-23 22:29:02,-Infinity
9.069,-3.064,-0.555,0.0,2017-02-23 22:29:03,-Infinity
9.031,-3.064,-0.593,0.0,2017-02-23 22:29:04,-Infinity
9.107,-2.949,-0.67,0.0,2017-02-23 22:29:05,-Infinity
9.261,-2.988,-0.555,0.0,2017-02-23 22:29:06,-Infinity
9.184,-3.102,-0.555,0.0,2017-02-23 22:29:07,-Infinity
9.222,-3.026,-0.67,0.0,2017-02-23 22:29:08,-Infinity
9.222,-3.064,-0.593,0.0,2017-02-23 22:29:09,-Infinity
9.222,-3.064,-0.67,0.0,2017-02-23 22:29:10,-Infinity
9.107,-3.026,-0.785,0.0,2017-02-23 22:29:11,-Infinity
9.146,-2.949,-0.823,0.0,2017-02-23 22:29:12,-Infinity
9.222,-2.873,-0.9,0.0,2017-02-23 22:29:13,-Infinity
9.222,-2.949,-0.823,0.0,2017-02-23 22:29:14,-Infinity
8.878,-3.524,-0.249,0.0,2017-02-23 22:29:15,-Infinity
8.839,-3.869,-0.517,0.0,2017-02-23 22:29:16,-Infinity
8.763,-4.022,-0.708,0.0,2017-02-23 22:29:17,-Infinity
8.839,-3.792,-0.632,0.0,2017-02-23 22:29:18,-Infinity
8.839,-3.83,-0.67,0.0,2017-02-23 22:29:19,-Infinity
8.801,-3.754,-0.593,0.0,2017-02-23 22:29:20,-Infinity
8.801,-3.83,-0.593,0.0,2017-02-23 22:29:21,-Infinity
8.801,-3.754,-0.67,0.0,2017-02-23 22:29:22,-Infinity
8.916,-3.792,-0.593,0.0,2017-02-23 22:29:23,-Infinity
8.839,-3.792,-0.67,0.0,2017-02-23 22:29:24,-Infinity
8.878,-3.792,-0.555,0.0,2017-02-23 22:29:25,-Infinity
8.878,-3.792,-0.517,0.0,2017-02-23 22:29:26,-Infinity
8.801,-3.715,-0.593,0.0,2017-02-23 22:29:27,-Infinity
9.031,-3.524,-0.402,0.0,2017-02-23 22:29:28,-Infinity
8.763,-3.792,-0.478,0.0,2017-02-23 22:29:29,-Infinity
8.878,-3.83,-0.287,0.0,2017-02-23 22:29:30,-Infinity
8.954,-3.792,-0.325,0.0,2017-02-23 22:29:31,-Infinity
8.839,-3.754,-0.287,0.0,2017-02-23 22:29:32,-Infinity
8.878,-3.754,-0.287,0.0,2017-02-23 22:29:33,-Infinity
8.839,-3.754,-0.287,0.0,2017-02-23 22:29:34,-Infinity
8.839,-3.715,-0.325,0.0,2017-02-23 22:29:35,-Infinity
8.916,-3.792,-0.325,0.0,2017-02-23 22:29:36,-Infinity
8.839,-3.792,-0.325,0.0,2017-02-23 22:29:37,-Infinity
9.682,-5.439,0.44,0.0,2017-02-23 22:29:38,-Infinity
7.498,3.141,0.363,0.0,2017-02-23 22:29:40,-Infinity
8.954,3.524,-0.44,0.0,2017-02-23 22:29:41,-Infinity
8.533,3.639,0.057,0.0,2017-02-23 22:29:42,-Infinity
9.069,3.562,-0.861,0.0,2017-02-23 22:29:43,-Infinity
9.184,3.601,-0.632,0.0,2017-02-23 22:29:44,-Infinity
9.069,3.639,-0.67,0.0,2017-02-23 22:29:45,-Infinity
9.146,3.677,-0.632,0.0,2017-02-23 22:29:46,-Infinity
9.107,3.715,-0.555,0.0,2017-02-23 22:29:47,-Infinity
9.107,3.83,-0.478,0.0,2017-02-23 22:29:48,-Infinity
9.069,3.754,-0.517,0.0,2017-02-23 22:29:49,-Infinity
9.069,3.715,-0.44,0.0,2017-02-23 22:29:50,-Infinity
9.222,3.792,-0.976,0.0,2017-02-23 22:29:51,-Infinity
9.031,3.715,-0.478,0.0,2017-02-23 22:29:52,-Infinity
9.107,3.754,-0.478,0.0,2017-02-23 22:29:53,-Infinity
9.031,3.754,-0.44,0.0,2017-02-23 22:29:54,-Infinity
9.107,3.639,-0.517,0.0,2017-02-23 22:29:55,-Infinity
9.069,3.754,-0.555,0.0,2017-02-23 22:29:56,-Infinity
9.107,3.715,-0.402,0.0,2017-02-23 22:29:57,-Infinity
8.992,3.754,-0.555,0.0,2017-02-23 22:29:58,-Infinity
9.107,3.715,-0.44,0.0,2017-02-23 22:29:59,-Infinity
9.069,3.677,-0.44,0.0,2017-02-23 22:30:00,-Infinity
9.031,3.754,-0.517,0.0,2017-02-23 22:30:01,-Infinity
9.107,3.677,-0.593,0.0,2017-02-23 22:30:02,-Infinity
9.146,3.677,-0.517,0.0,2017-02-23 22:30:03,-Infinity
9.261,3.639,-0.249,0.0,2017-02-23 22:30:04,-Infinity
9.146,3.447,-0.517,0.0,2017-02-23 22:30:05,-Infinity
9.184,3.562,-0.747,0.0,2017-02-23 22:30:06,-Infinity
9.107,3.562,-0.9,0.0,2017-02-23 22:30:07,-Infinity
9.146,3.562,-0.823,0.0,2017-02-23 22:30:08,-Infinity
9.107,3.639,-0.823,0.0,2017-02-23 22:30:09,-Infinity
9.031,3.601,-0.67,0.0,2017-02-23 22:30:10,-Infinity
9.069,3.562,-0.823,0.0,2017-02-23 22:30:11,-Infinity
9.069,3.601,-0.708,0.0,2017-02-23 22:30:12,-Infinity
9.146,3.601,-0.747,0.0,2017-02-23 22:30:13,-Infinity
9.107,3.601,-0.747,0.0,2017-02-23 22:30:14,-Infinity
9.184,3.562,-0.747,0.0,2017-02-23 22:30:15,-Infinity
9.146,3.601,-0.9,0.0,2017-02-23 22:30:16,-Infinity
9.107,3.639,-0.785,0.0,2017-02-23 22:30:17,-Infinity
8.992,3.601,-0.823,0.0,2017-02-23 22:30:18,-Infinity
9.146,3.639,-0.708,0.0,2017-02-23 22:30:20,-Infinity
9.146,3.639,-0.861,0.0,2017-02-23 22:30:21,-Infinity
9.069,3.601,-0.785,0.0,2017-02-23 22:30:22,-Infinity
9.146,3.601,-0.9,0.0,2017-02-23 22:30:23,-Infinity
9.107,3.601,-0.785,0.0,2017-02-23 22:30:24,-Infinity
9.069,3.601,-0.708,0.0,2017-02-23 22:30:25,-Infinity
9.146,3.639,-0.861,0.0,2017-02-23 22:30:26,-Infinity
9.146,3.486,-0.823,0.0,2017-02-23 22:30:27,-Infinity
9.069,3.562,-0.785,0.0,2017-02-23 22:30:28,-Infinity
9.069,3.524,-0.823,0.0,2017-02-23 22:30:29,-Infinity
9.107,3.524,-0.708,0.0,2017-02-23 22:30:30,-Infinity
9.222,3.524,-0.747,0.0,2017-02-23 22:30:31,-Infinity
9.107,3.447,-0.747,0.0,2017-02-23 22:30:32,-Infinity
9.184,3.486,-0.747,0.0,2017-02-23 22:30:33,-Infinity
9.184,3.524,-0.823,0.0,2017-02-23 22:30:34,-Infinity
9.069,3.524,-0.785,0.0,2017-02-23 22:30:35,-Infinity
9.146,3.562,-0.747,0.0,2017-02-23 22:30:36,-Infinity
9.184,3.562,-0.747,0.0,2017-02-23 22:30:37,-Infinity
9.146,3.562,-0.823,0.0,2017-02-23 22:30:38,-Infinity
9.069,3.562,-0.785,0.0,2017-02-23 22:30:39,-Infinity
9.184,3.639,-0.708,0.0,2017-02-23 22:30:40,-Infinity
9.069,3.562,-0.708,0.0,2017-02-23 22:30:41,-Infinity
9.069,3.562,-0.823,0.0,2017-02-23 22:30:42,-Infinity
9.069,3.524,-0.708,0.0,2017-02-23 22:30:43,-Infinity
9.107,3.562,-0.67,0.0,2017-02-23 22:30:44,-Infinity
9.146,3.562,-0.785,0.0,2017-02-23 22:30:45,-Infinity
9.146,3.524,-0.785,0.0,2017-02-23 22:30:46,-Infinity
9.146,3.447,-0.747,0.0,2017-02-23 22:30:47,-Infinity
9.146,3.562,-0.785,0.0,2017-02-23 22:30:48,-Infinity
9.146,3.562,-0.632,0.0,2017-02-23 22:30:49,-Infinity
9.107,3.562,-0.708,0.0,2017-02-23 22:30:50,-Infinity
9.107,3.486,-0.708,0.0,2017-02-23 22:30:51,-Infinity
9.107,3.486,-0.785,0.0,2017-02-23 22:30:52,-Infinity
9.107,3.562,-0.708,0.0,2017-02-23 22:30:53,-Infinity
9.107,3.562,-0.708,0.0,2017-02-23 22:30:54,-Infinity
9.031,3.639,-0.67,0.0,2017-02-23 22:30:55,-Infinity
9.146,3.562,-0.593,0.0,2017-02-23 22:30:56,-Infinity
9.107,3.562,-0.785,0.0,2017-02-23 22:30:57,-Infinity
9.069,3.562,-0.708,0.0,2017-02-23 22:30:58,-Infinity
9.184,3.562,-0.747,0.0,2017-02-23 22:30:59,-Infinity
9.184,3.601,-0.861,0.0,2017-02-23 22:31:00,-Infinity
9.069,3.601,-0.747,0.0,2017-02-23 22:31:01,-Infinity
9.107,3.524,-0.708,0.0,2017-02-23 22:31:02,-Infinity
9.107,3.486,-0.785,0.0,2017-02-23 22:31:03,-Infinity
9.146,3.562,-0.823,0.0,2017-02-23 22:31:04,-Infinity
9.146,3.601,-0.785,0.0,2017-02-23 22:31:05,-Infinity
9.069,3.601,-0.785,0.0,2017-02-23 22:31:07,-Infinity
9.222,3.524,-0.67,0.0,2017-02-23 22:31:08,-Infinity
9.107,3.601,-0.823,0.0,2017-02-23 22:31:09,-Infinity
9.107,3.601,-0.747,0.0,2017-02-23 22:31:10,-Infinity
9.107,3.639,-0.555,0.0,2017-02-23 22:31:11,-Infinity
9.107,3.562,-0.67,0.0,2017-02-23 22:31:12,-Infinity
9.107,3.562,-0.823,0.0,2017-02-23 22:31:13,-Infinity
9.107,3.562,-0.747,0.0,2017-02-23 22:31:14,-Infinity
9.184,3.562,-0.632,0.0,2017-02-23 22:31:15,-Infinity
9.107,3.562,-0.708,0.0,2017-02-23 22:31:16,-Infinity
9.107,3.524,-0.67,0.0,2017-02-23 22:31:17,-Infinity
9.107,3.524,-0.747,0.0,2017-02-23 22:31:18,-Infinity
9.146,3.562,-0.747,0.0,2017-02-23 22:31:19,-Infinity
9.184,3.524,-0.708,0.0,2017-02-23 22:31:20,-Infinity
9.107,3.524,-0.747,0.0,2017-02-23 22:31:21,-Infinity
9.146,3.601,-0.67,0.0,2017-02-23 22:31:22,-Infinity
9.184,3.524,-0.747,0.0,2017-02-23 22:31:23,-Infinity
9.184,3.486,-0.708,0.0,2017-02-23 22:31:24,-Infinity
9.146,3.524,-0.747,0.0,2017-02-23 22:31:25,-Infinity
9.146,3.524,-0.747,0.0,2017-02-23 22:31:26,-Infinity
9.146,3.524,-0.785,0.0,2017-02-23 22:31:27,-Infinity
9.146,3.562,-0.823,0.0,2017-02-23 22:31:28,-Infinity
9.146,3.524,-0.747,0.0,2017-02-23 22:31:29,-Infinity
9.069,3.601,-0.861,0.0,2017-02-23 22:31:30,-Infinity
9.146,3.562,-0.823,0.0,2017-02-23 22:31:31,-Infinity
9.184,3.639,-0.708,0.0,2017-02-23 22:31:32,-Infinity
9.107,3.486,-0.823,0.0,2017-02-23 22:31:33,-Infinity
9.184,3.447,-0.747,0.0,2017-02-23 22:31:34,-Infinity
8.992,1.494,-1.015,0.0,2017-02-23 22:31:35,-Infinity
9.337,-3.371,-2.164,0.0,2017-02-23 22:31:36,-Infinity
8.801,-3.984,-1.589,0.0,2017-02-23 22:31:37,-Infinity
8.533,-4.175,-1.589,0.0,2017-02-23 22:31:38,-Infinity
8.648,-3.945,-1.436,0.0,2017-02-23 22:31:39,-Infinity
8.801,-3.754,-1.436,0.0,2017-02-23 22:31:40,-Infinity
8.686,-3.907,-1.474,0.0,2017-02-23 22:31:41,-Infinity
8.609,-3.869,-1.819,0.0,2017-02-23 22:31:42,-Infinity
8.686,-3.869,-1.896,0.0,2017-02-23 22:31:43,-Infinity
8.609,-3.869,-1.819,0.0,2017-02-23 22:31:44,-Infinity
8.648,-3.869,-1.896,0.0,2017-02-23 22:31:45,-Infinity
8.571,-3.984,-1.857,0.0,2017-02-23 22:31:46,-Infinity
8.648,-3.907,-1.934,0.0,2017-02-23 22:31:47,-Infinity
8.609,-3.984,-1.857,0.0,2017-02-23 22:31:48,-Infinity
8.648,-3.945,-1.781,0.0,2017-02-23 22:31:49,-Infinity
8.648,-3.945,-1.896,0.0,2017-02-23 22:31:50,-Infinity
8.609,-3.984,-1.781,0.0,2017-02-23 22:31:51,-Infinity
8.648,-3.984,-1.857,0.0,2017-02-23 22:31:53,-Infinity
8.609,-3.945,-1.743,0.0,2017-02-23 22:31:54,-Infinity
8.609,-3.945,-1.743,0.0,2017-02-23 22:31:55,-Infinity
8.648,-3.907,-1.628,0.0,2017-02-23 22:31:56,-Infinity
8.609,-3.869,-1.628,0.0,2017-02-23 22:31:57,-Infinity
8.686,-4.022,-1.628,0.0,2017-02-23 22:31:58,-Infinity
8.686,-3.907,-1.474,0.0,2017-02-23 22:31:59,-Infinity
8.686,-3.869,-1.513,0.0,2017-02-23 22:32:00,-Infinity
8.763,-3.907,-1.628,0.0,2017-02-23 22:32:01,-Infinity
8.686,-3.869,-1.628,0.0,2017-02-23 22:32:02,-Infinity
8.686,-3.945,-1.628,0.0,2017-02-23 22:32:03,-Infinity
8.724,-3.945,-1.628,0.0,2017-02-23 22:32:04,-Infinity
8.648,-3.907,-1.551,0.0,2017-02-23 22:32:05,-Infinity
8.648,-3.984,-1.589,0.0,2017-02-23 22:32:06,-Infinity
8.724,-3.907,-1.474,0.0,2017-02-23 22:32:07,-Infinity
8.648,-3.869,-1.589,0.0,2017-02-23 22:32:08,-Infinity
8.609,-3.869,-1.474,0.0,2017-02-23 22:32:09,-Infinity
8.724,-3.984,-1.513,0.0,2017-02-23 22:32:10,-Infinity
8.648,-3.907,-1.513,0.0,2017-02-23 22:32:11,-Infinity
8.724,-3.83,-1.513,0.0,2017-02-23 22:32:12,-Infinity
8.763,-3.869,-1.474,0.0,2017-02-23 22:32:13,-Infinity
8.724,-3.907,-1.589,0.0,2017-02-23 22:32:14,-Infinity
8.648,-3.907,-1.513,0.0,2017-02-23 22:32:15,-Infinity
8.724,-3.869,-1.359,0.0,2017-02-23 22:32:16,-Infinity
8.724,-3.83,-1.474,0.0,2017-02-23 22:32:17,-Infinity
8.724,-3.754,-1.513,0.0,2017-02-23 22:32:18,-Infinity
8.724,-3.792,-1.321,0.0,2017-02-23 22:32:19,-Infinity
8.686,-3.83,-1.398,0.0,2017-02-23 22:32:20,-Infinity
8.686,-3.754,-1.551,0.0,2017-02-23 22:32:21,-Infinity
8.724,-3.83,-1.436,0.0,2017-02-23 22:32:22,-Infinity
8.724,-3.83,-1.283,0.0,2017-02-23 22:32:23,-Infinity
8.724,-3.83,-1.053,0.0,2017-02-23 22:32:24,-Infinity
8.878,-3.639,-1.091,0.0,2017-02-23 22:32:25,-Infinity
9.031,-3.754,-0.9,0.0,2017-02-23 22:32:26,-Infinity
8.763,-3.83,-1.015,0.0,2017-02-23 22:32:27,-Infinity
8.763,-3.715,-1.015,0.0,2017-02-23 22:32:28,-Infinity
8.839,-3.639,-0.938,0.0,2017-02-23 22:32:29,-Infinity
8.954,-3.792,-1.015,0.0,2017-02-23 22:32:30,-Infinity
8.878,-3.677,-1.13,0.0,2017-02-23 22:32:31,-Infinity
8.801,-3.715,-1.13,0.0,2017-02-23 22:32:32,-Infinity
8.839,-3.715,-1.053,0.0,2017-02-23 22:32:33,-Infinity
8.878,-3.715,-1.168,0.0,2017-02-23 22:32:34,-Infinity
8.878,-3.639,-1.13,0.0,2017-02-23 22:32:35,-Infinity
8.954,-3.715,-1.091,0.0,2017-02-23 22:32:36,-Infinity
8.839,-3.677,-1.168,0.0,2017-02-23 22:32:37,-Infinity
8.878,-3.754,-1.13,0.0,2017-02-23 22:32:38,-Infinity
8.839,-3.754,-1.245,0.0,2017-02-23 22:32:40,-Infinity
8.916,-3.601,-1.245,0.0,2017-02-23 22:32:41,-Infinity
8.878,-3.601,-1.206,0.0,2017-02-23 22:32:42,-Infinity
8.839,-3.677,-1.206,0.0,2017-02-23 22:32:43,-Infinity
8.839,-3.639,-1.245,0.0,2017-02-23 22:32:44,-Infinity
8.878,-3.715,-1.168,0.0,2017-02-23 22:32:45,-Infinity
8.878,-3.715,-1.015,0.0,2017-02-23 22:32:46,-Infinity
8.916,-3.677,-1.13,0.0,2017-02-23 22:32:47,-Infinity
8.724,-3.715,-1.666,0.0,2017-02-23 22:32:48,-Infinity
8.686,-3.677,-1.704,0.0,2017-02-23 22:32:49,-Infinity
8.724,-4.06,-1.513,0.0,2017-02-23 22:32:50,-Infinity
8.763,-3.715,-1.398,0.0,2017-02-23 22:32:51,-Infinity
8.801,-3.677,-1.589,0.0,2017-02-23 22:32:52,-Infinity
8.878,-3.715,-1.474,0.0,2017-02-23 22:32:53,-Infinity
8.763,-3.639,-1.474,0.0,2017-02-23 22:32:54,-Infinity
8.839,-3.639,-1.474,0.0,2017-02-23 22:32:55,-Infinity
8.839,-3.601,-1.436,0.0,2017-02-23 22:32:56,-Infinity
8.878,-3.562,-1.513,0.0,2017-02-23 22:32:57,-Infinity
8.839,-3.677,-1.474,0.0,2017-02-23 22:32:58,-Infinity
8.801,-3.562,-1.474,0.0,2017-02-23 22:32:59,-Infinity
8.839,-3.524,-1.436,0.0,2017-02-23 22:33:00,-Infinity
8.878,-3.447,-1.551,0.0,2017-02-23 22:33:01,-Infinity
8.954,-3.486,-1.436,0.0,2017-02-23 22:33:02,-Infinity
8.916,-3.486,-0.976,0.0,2017-02-23 22:33:03,-Infinity
8.801,-3.715,-1.283,0.0,2017-02-23 22:33:04,-Infinity
8.954,-3.447,-1.053,0.0,2017-02-23 22:33:05,-Infinity
10.065,-2.451,0.172,0.0,2017-02-23 22:33:06,-Infinity
9.261,-1.8,-0.363,0.0,2017-02-23 22:33:07,-Infinity
9.222,-2.566,-0.172,0.0,2017-02-23 22:33:08,-Infinity
9.337,-2.873,-0.632,0.0,2017-02-23 22:33:09,-Infinity
8.954,-3.102,-0.478,0.0,2017-02-23 22:33:10,-Infinity
9.031,-3.371,-0.325,0.0,2017-02-23 22:33:11,-Infinity
8.992,-3.371,-0.517,0.0,2017-02-23 22:33:12,-Infinity
8.954,-3.447,-0.555,0.0,2017-02-23 22:33:13,-Infinity
9.069,-3.409,-0.593,0.0,2017-02-23 22:33:14,-Infinity
8.992,-3.409,-0.478,0.0,2017-02-23 22:33:15,-Infinity
9.031,-3.447,-0.517,0.0,2017-02-23 22:33:16,-Infinity
9.107,-3.486,-0.593,0.0,2017-02-23 22:33:17,-Infinity
9.069,-3.217,-0.938,0.0,2017-02-23 22:33:18,-Infinity
9.031,-3.371,-0.747,0.0,2017-02-23 22:33:19,-Infinity
9.184,-3.141,-0.938,0.0,2017-02-23 22:33:20,-Infinity
8.878,-3.447,-0.861,0.0,2017-02-23 22:33:21,-Infinity
9.031,-3.562,-0.9,0.0,2017-02-23 22:33:22,-Infinity
8.954,-3.524,-0.708,0.0,2017-02-23 22:33:23,-Infinity
9.031,-3.639,-0.785,0.0,2017-02-23 22:33:24,-Infinity
8.916,-3.639,-0.632,0.0,2017-02-23 22:33:25,-Infinity
8.954,-3.639,-0.67,0.0,2017-02-23 22:33:27,-Infinity
8.916,-3.562,-0.67,0.0,2017-02-23 22:33:28,-Infinity
8.839,-3.562,-0.747,0.0,2017-02-23 22:33:29,-Infinity
9.031,-3.562,-0.785,0.0,2017-02-23 22:33:30,-Infinity
8.916,-3.524,-0.67,0.0,2017-02-23 22:33:31,-Infinity
8.916,-3.447,-0.785,0.0,2017-02-23 22:33:32,-Infinity
8.916,-3.562,-0.823,0.0,2017-02-23 22:33:33,-Infinity
8.878,-3.562,-0.708,0.0,2017-02-23 22:33:34,-Infinity
8.916,-3.562,-0.593,0.0,2017-02-23 22:33:35,-Infinity
8.992,-3.562,-0.67,0.0,2017-02-23 22:33:36,-Infinity
8.839,-3.639,-0.67,0.0,2017-02-23 22:33:37,-Infinity
8.916,-3.639,-0.708,0.0,2017-02-23 22:33:38,-Infinity
8.916,-3.677,-0.632,0.0,2017-02-23 22:33:39,-Infinity
8.916,-3.524,-0.861,0.0,2017-02-23 22:33:40,-Infinity
8.724,-3.792,-0.9,0.0,2017-02-23 22:33:41,-Infinity
8.801,-3.83,-1.091,0.0,2017-02-23 22:33:42,-Infinity
8.878,-3.83,-1.359,0.0,2017-02-23 22:33:43,-Infinity
8.839,-3.754,-1.091,0.0,2017-02-23 22:33:44,-Infinity
8.839,-3.677,-1.053,0.0,2017-02-23 22:33:45,-Infinity
8.839,-3.715,-1.206,0.0,2017-02-23 22:33:46,-Infinity
8.801,-3.792,-1.13,0.0,2017-02-23 22:33:47,-Infinity
8.839,-3.83,-1.168,0.0,2017-02-23 22:33:48,-Infinity
8.801,-3.715,-1.206,0.0,2017-02-23 22:33:49,-Infinity
8.839,-3.792,-1.245,0.0,2017-02-23 22:33:50,-Infinity
8.878,-3.754,-1.168,0.0,2017-02-23 22:33:51,-Infinity
8.686,-3.792,-1.091,0.0,2017-02-23 22:33:52,-Infinity
8.801,-3.715,-1.091,0.0,2017-02-23 22:33:53,-Infinity
8.839,-3.677,-1.245,0.0,2017-02-23 22:33:54,-Infinity
8.801,-3.715,-1.206,0.0,2017-02-23 22:33:55,-Infinity
8.801,-3.677,-1.13,0.0,2017-02-23 22:33:56,-Infinity
8.763,-3.754,-1.206,0.0,2017-02-23 22:33:57,-Infinity
8.916,-3.715,-1.245,0.0,2017-02-23 22:33:58,-Infinity
8.839,-3.754,-1.091,0.0,2017-02-23 22:33:59,-Infinity
8.878,-3.715,-1.283,0.0,2017-02-23 22:34:00,-Infinity
8.878,-3.715,-1.053,0.0,2017-02-23 22:34:01,-Infinity
8.878,-3.677,-1.168,0.0,2017-02-23 22:34:02,-Infinity
8.878,-3.677,-1.13,0.0,2017-02-23 22:34:03,-Infinity
8.801,-3.601,-0.976,0.0,2017-02-23 22:34:04,-Infinity
8.878,-3.677,-1.015,0.0,2017-02-23 22:34:05,-Infinity
8.916,-3.677,-0.976,0.0,2017-02-23 22:34:06,-Infinity
8.878,-3.677,-1.053,0.0,2017-02-23 22:34:07,-Infinity
8.878,-3.639,-1.053,0.0,2017-02-23 22:34:08,-Infinity
8.916,-3.639,-1.053,0.0,2017-02-23 22:34:10,-Infinity
8.916,-3.677,-1.015,0.0,2017-02-23 22:34:11,-Infinity
8.916,-3.677,-1.091,0.0,2017-02-23 22:34:12,-Infinity
8.878,-3.562,-0.861,0.0,2017-02-23 22:34:13,-Infinity
8.878,-3.639,-1.091,0.0,2017-02-23 22:34:14,-Infinity
8.954,-3.715,-0.9,0.0,2017-02-23 22:34:15,-Infinity
8.763,-3.677,-1.015,0.0,2017-02-23 22:34:16,-Infinity
8.916,-3.601,-0.976,0.0,2017-02-23 22:34:17,-Infinity
8.839,-3.639,-1.053,0.0,2017-02-23 22:34:18,-Infinity
8.916,-3.677,-1.053,0.0,2017-02-23 22:34:19,-Infinity
8.878,-3.677,-0.938,0.0,2017-02-23 22:34:20,-Infinity
8.878,-3.754,-1.015,0.0,2017-02-23 22:34:21,-Infinity
8.878,-3.754,-0.9,0.0,2017-02-23 22:34:22,-Infinity
8.839,-3.715,-0.938,0.0,2017-02-23 22:34:23,-Infinity
8.801,-3.639,-0.976,0.0,2017-02-23 22:34:24,-Infinity
8.916,-3.639,-1.091,0.0,2017-02-23 22:34:25,-Infinity
8.839,-3.754,-0.9,0.0,2017-02-23 22:34:26,-Infinity
8.878,-3.639,-0.823,0.0,2017-02-23 22:34:27,-Infinity
8.916,-3.715,-1.015,0.0,2017-02-23 22:34:28,-Infinity
8.801,-3.677,-0.938,0.0,2017-02-23 22:34:29,-Infinity
8.878,-3.715,-1.015,0.0,2017-02-23 22:34:30,-Infinity
8.916,-3.639,-0.938,0.0,2017-02-23 22:34:31,-Infinity
8.878,-3.677,-1.015,0.0,2017-02-23 22:34:32,-Infinity
8.954,-3.715,-1.053,0.0,2017-02-23 22:34:33,-Infinity
8.878,-3.715,-0.861,0.0,2017-02-23 22:34:34,-Infinity
8.801,-3.639,-0.976,0.0,2017-02-23 22:34:35,-Infinity
8.878,-3.792,-1.015,0.0,2017-02-23 22:34:36,-Infinity
8.839,-3.677,-0.976,0.0,2017-02-23 22:34:37,-Infinity
8.916,-3.715,-0.976,0.0,2017-02-23 22:34:38,-Infinity
8.839,-3.754,-1.053,0.0,2017-02-23 22:34:39,-Infinity
8.801,-3.677,-1.053,0.0,2017-02-23 22:34:40,-Infinity
8.839,-3.83,-1.168,0.0,2017-02-23 22:34:41,-Infinity
8.839,-3.792,-1.015,0.0,2017-02-23 22:34:42,-Infinity
8.878,-3.83,-0.938,0.0,2017-02-23 22:34:43,-Infinity
8.916,-3.83,-1.13,0.0,2017-02-23 22:34:44,-Infinity
8.801,-3.754,-0.785,0.0,2017-02-23 22:34:45,-Infinity
8.801,-3.83,-1.015,0.0,2017-02-23 22:34:46,-Infinity
8.763,-3.792,-0.785,0.0,2017-02-23 22:34:47,-Infinity
8.763,-3.754,-0.976,0.0,2017-02-23 22:34:48,-Infinity
8.839,-3.754,-0.976,0.0,2017-02-23 22:34:49,-Infinity
8.839,-3.754,-0.861,0.0,2017-02-23 22:34:50,-Infinity
8.801,-3.869,-0.938,0.0,2017-02-23 22:34:51,-Infinity
8.763,-3.754,-0.861,0.0,2017-02-23 22:34:52,-Infinity
8.839,-3.83,-1.015,0.0,2017-02-23 22:34:53,-Infinity
8.763,-3.792,-0.938,0.0,2017-02-23 22:34:54,-Infinity
8.878,-3.792,-1.091,0.0,2017-02-23 22:34:55,-Infinity
8.839,-3.792,-0.785,0.0,2017-02-23 22:34:56,-Infinity
8.878,-3.83,-1.053,0.0,2017-02-23 22:34:58,-Infinity
8.801,-3.715,-1.015,0.0,2017-02-23 22:34:59,-Infinity
8.839,-3.792,-1.091,0.0,2017-02-23 22:35:00,-Infinity
8.839,-3.792,-0.976,0.0,2017-02-23 22:35:01,-Infinity
8.763,-3.83,-0.938,0.0,2017-02-23 22:35:02,-Infinity
8.839,-3.754,-0.938,0.0,2017-02-23 22:35:03,-Infinity
8.954,-3.792,-0.938,0.0,2017-02-23 22:35:04,-Infinity
8.801,-3.792,-0.938,0.0,2017-02-23 22:35:05,-Infinity
8.801,-3.83,-0.976,0.0,2017-02-23 22:35:06,-Infinity
8.839,-3.792,-1.053,0.0,2017-02-23 22:35:07,-Infinity
8.916,-3.754,-0.976,0.0,2017-02-23 22:35:08,-Infinity
8.878,-3.754,-0.9,0.0,2017-02-23 22:35:09,-Infinity
8.878,-3.792,-1.015,0.0,2017-02-23 22:35:10,-Infinity
8.916,-3.754,-0.9,0.0,2017-02-23 22:35:11,-Infinity
8.839,-3.83,-0.938,0.0,2017-02-23 22:35:12,-Infinity
8.839,-3.83,-0.938,0.0,2017-02-23 22:35:13,-Infinity
8.801,-3.715,-0.9,0.0,2017-02-23 22:35:14,-Infinity
8.801,-3.754,-0.9,0.0,2017-02-23 22:35:15,-Infinity
8.839,-3.83,-0.861,0.0,2017-02-23 22:35:16,-Infinity
8.878,-3.754,-0.823,0.0,2017-02-23 22:35:17,-Infinity
8.878,-3.754,-0.861,0.0,2017-02-23 22:35:18,-Infinity
8.878,-3.677,-1.015,0.0,2017-02-23 22:35:19,-Infinity
8.839,-3.677,-0.823,0.0,2017-02-23 22:35:20,-Infinity
8.801,-3.754,-0.976,0.0,2017-02-23 22:35:21,-Infinity
8.916,-3.754,-0.823,0.0,2017-02-23 22:35:22,-Infinity
8.878,-3.792,-0.938,0.0,2017-02-23 22:35:23,-Infinity
8.801,-3.754,-0.976,0.0,2017-02-23 22:35:24,-Infinity
8.878,-3.792,-0.938,0.0,2017-02-23 22:35:25,-Infinity
8.839,-3.792,-0.861,0.0,2017-02-23 22:35:26,-Infinity
8.878,-3.792,-0.9,0.0,2017-02-23 22:35:27,-Infinity
8.839,-3.754,-0.861,0.0,2017-02-23 22:35:28,-Infinity
8.878,-3.792,-0.9,0.0,2017-02-23 22:35:29,-Infinity
8.916,-3.601,-0.9,0.0,2017-02-23 22:35:30,-Infinity
8.878,-3.715,-0.9,0.0,2017-02-23 22:35:31,-Infinity
8.916,-3.715,-0.708,0.0,2017-02-23 22:35:32,-Infinity
8.916,-3.639,-0.823,0.0,2017-02-23 22:35:33,-Infinity
8.916,-3.639,-0.708,0.0,2017-02-23 22:35:34,-Infinity
8.839,-3.639,-0.861,0.0,2017-02-23 22:35:35,-Infinity
8.878,-3.715,-0.861,0.0,2017-02-23 22:35:36,-Infinity
8.878,-3.715,-0.861,0.0,2017-02-23 22:35:37,-Infinity
8.992,-3.754,-0.861,0.0,2017-02-23 22:35:38,-Infinity
8.878,-3.677,-0.823,0.0,2017-02-23 22:35:39,-Infinity
8.878,-3.677,-0.9,0.0,2017-02-23 22:35:40,-Infinity
8.916,-3.715,-0.785,0.0,2017-02-23 22:35:41,-Infinity
8.878,-3.639,-0.708,0.0,2017-02-23 22:35:43,-Infinity
8.916,-3.639,-0.861,0.0,2017-02-23 22:35:44,-Infinity
8.954,-3.677,-0.861,0.0,2017-02-23 22:35:45,-Infinity
8.839,-3.677,-0.747,0.0,2017-02-23 22:35:46,-Infinity
8.878,-3.754,-0.785,0.0,2017-02-23 22:35:47,-Infinity
8.916,-3.677,-0.938,0.0,2017-02-23 22:35:48,-Infinity
8.878,-3.715,-0.938,0.0,2017-02-23 22:35:49,-Infinity
8.763,-3.754,-0.747,0.0,2017-02-23 22:35:50,-Infinity
8.418,-3.945,-0.823,0.0,2017-02-23 22:35:51,-Infinity
8.763,-3.83,-0.632,0.0,2017-02-23 22:35:52,-Infinity
8.839,-3.984,-0.632,0.0,2017-02-23 22:35:53,-Infinity
9.069,-3.639,-1.321,0.0,2017-02-23 22:35:54,-Infinity
8.648,-3.869,-0.67,0.0,2017-02-23 22:35:55,-Infinity
8.571,-3.83,-0.823,0.0,2017-02-23 22:35:56,-Infinity
8.763,-3.792,-1.168,0.0,2017-02-23 22:35:57,-Infinity
8.801,-3.792,-1.13,0.0,2017-02-23 22:35:58,-Infinity
8.801,-3.754,-1.053,0.0,2017-02-23 22:35:59,-Infinity
8.839,-3.715,-1.091,0.0,2017-02-23 22:36:00,-Infinity
8.878,-3.754,-1.091,0.0,2017-02-23 22:36:01,-Infinity
8.839,-3.754,-1.091,0.0,2017-02-23 22:36:02,-Infinity
8.763,-3.677,-1.168,0.0,2017-02-23 22:36:03,-Infinity
8.801,-3.715,-1.091,0.0,2017-02-23 22:36:04,-Infinity
8.916,-3.639,-1.206,0.0,2017-02-23 22:36:05,-Infinity
8.916,-3.754,-1.206,0.0,2017-02-23 22:36:06,-Infinity
8.878,-3.715,-1.091,0.0,2017-02-23 22:36:07,-Infinity
8.878,-3.715,-1.053,0.0,2017-02-23 22:36:08,-Infinity
8.839,-3.715,-1.168,0.0,2017-02-23 22:36:09,-Infinity
8.839,-3.869,-1.206,0.0,2017-02-23 22:36:10,-Infinity
8.801,-3.869,-1.053,0.0,2017-02-23 22:36:11,-Infinity
8.839,-3.792,-1.13,0.0,2017-02-23 22:36:12,-Infinity
8.878,-3.792,-1.206,0.0,2017-02-23 22:36:13,-Infinity
8.878,-3.754,-1.13,0.0,2017-02-23 22:36:14,-Infinity
8.878,-3.792,-1.168,0.0,2017-02-23 22:36:15,-Infinity
8.801,-3.677,-1.091,0.0,2017-02-23 22:36:16,-Infinity
8.839,-3.677,-1.168,0.0,2017-02-23 22:36:17,-Infinity
8.801,-3.792,-1.168,0.0,2017-02-23 22:36:18,-Infinity
8.878,-3.715,-1.168,0.0,2017-02-23 22:36:19,-Infinity
8.878,-3.754,-1.053,0.0,2017-02-23 22:36:20,-Infinity
8.878,-3.715,-1.053,0.0,2017-02-23 22:36:21,-Infinity
8.763,-3.715,-1.168,0.0,2017-02-23 22:36:22,-Infinity
8.878,-3.715,-1.091,0.0,2017-02-23 22:36:23,-Infinity
8.839,-3.677,-1.206,0.0,2017-02-23 22:36:24,-Infinity
8.916,-3.677,-1.091,0.0,2017-02-23 22:36:25,-Infinity
8.992,-3.83,-1.245,0.0,2017-02-23 22:36:26,-Infinity
7.767,-4.635,-1.13,0.0,2017-02-23 22:36:27,-Infinity
9.605,-2.451,0.019,0.0,2017-02-23 22:36:28,-Infinity
9.184,-4.443,-0.249,0.0,2017-02-23 22:36:29,-Infinity
9.069,-3.217,0.67,0.0,2017-02-23 22:36:30,-Infinity
8.954,-3.217,1.053,0.0,2017-02-23 22:36:31,-Infinity
9.107,-3.256,0.402,0.0,2017-02-23 22:36:33,-Infinity
9.376,-2.873,0.249,0.0,2017-02-23 22:36:34,-Infinity
8.073,-4.52,0.823,0.0,2017-02-23 22:36:35,-Infinity
8.456,-4.443,0.057,0.0,2017-02-23 22:36:36,-Infinity
8.456,-4.367,0.057,0.0,2017-02-23 22:36:37,-Infinity
8.686,-4.252,-0.057,0.0,2017-02-23 22:36:38,-Infinity
9.031,-3.677,-0.057,0.0,2017-02-23 22:36:39,-Infinity
8.839,-3.677,0.363,0.0,2017-02-23 22:36:40,-Infinity
9.107,-3.371,0.172,0.0,2017-02-23 22:36:41,-Infinity
8.992,-3.486,0.095,0.0,2017-02-23 22:36:42,-Infinity
9.222,-3.524,0.095,0.0,2017-02-23 22:36:43,-Infinity
9.069,-3.486,0.21,0.0,2017-02-23 22:36:44,-Infinity
9.069,-3.332,0.134,0.0,2017-02-23 22:36:45,-Infinity
9.069,-3.294,0.019,0.0,2017-02-23 22:36:46,-Infinity
9.107,-3.294,0.134,0.0,2017-02-23 22:36:47,-Infinity
9.107,-3.294,0.095,0.0,2017-02-23 22:36:48,-Infinity
9.107,-3.409,0.095,0.0,2017-02-23 22:36:49,-Infinity
9.107,-3.371,0.172,0.0,2017-02-23 22:36:50,-Infinity
9.069,-3.256,0.057,0.0,2017-02-23 22:36:51,-Infinity
9.069,-3.256,0.172,0.0,2017-02-23 22:36:52,-Infinity
9.069,-3.256,0.095,0.0,2017-02-23 22:36:53,-Infinity
9.107,-3.332,0.095,0.0,2017-02-23 22:36:54,-Infinity
9.107,-3.256,0.172,0.0,2017-02-23 22:36:55,-Infinity
9.069,-3.179,0.172,0.0,2017-02-23 22:36:56,-Infinity
9.107,-3.294,0.21,0.0,2017-02-23 22:36:57,-Infinity
9.069,-3.256,0.21,0.0,2017-02-23 22:36:58,-Infinity
9.069,-3.256,0.287,0.0,2017-02-23 22:36:59,-Infinity
9.069,-3.256,0.325,0.0,2017-02-23 22:37:00,-Infinity
9.146,-3.332,0.478,0.0,2017-02-23 22:37:01,-Infinity
9.031,-3.332,0.517,0.0,2017-02-23 22:37:02,-Infinity
9.069,-3.294,0.44,0.0,2017-02-23 22:37:03,-Infinity
9.107,-3.294,0.402,0.0,2017-02-23 22:37:04,-Infinity
9.107,-3.332,0.517,0.0,2017-02-23 22:37:05,-Infinity
8.992,-3.371,0.517,0.0,2017-02-23 22:37:06,-Infinity
9.107,-3.294,0.517,0.0,2017-02-23 22:37:07,-Infinity
9.069,-3.332,0.478,0.0,2017-02-23 22:37:08,-Infinity
9.069,-3.371,0.517,0.0,2017-02-23 22:37:09,-Infinity
8.992,-3.371,0.478,0.0,2017-02-23 22:37:10,-Infinity
9.031,-3.371,0.555,0.0,2017-02-23 22:37:11,-Infinity
9.031,-3.332,0.593,0.0,2017-02-23 22:37:12,-Infinity
9.069,-3.486,0.593,0.0,2017-02-23 22:37:13,-Infinity
8.992,-3.409,0.593,0.0,2017-02-23 22:37:14,-Infinity
8.992,-3.486,0.632,0.0,2017-02-23 22:37:15,-Infinity
8.954,-3.562,1.13,0.0,2017-02-23 22:37:16,-Infinity
8.456,-4.099,0.9,0.0,2017-02-23 22:37:17,-Infinity
8.648,-3.907,1.168,0.0,2017-02-23 22:37:18,-Infinity
9.069,-3.83,1.168,0.0,2017-02-23 22:37:19,-Infinity
8.686,-3.907,1.053,0.0,2017-02-23 22:37:21,-Infinity
8.916,-3.524,1.053,0.0,2017-02-23 22:37:22,-Infinity
9.95,-1.149,0.9,0.0,2017-02-23 22:37:23,-Infinity
9.49,-1.762,0.708,0.0,2017-02-23 22:37:24,-Infinity
9.797,-2.068,0.095,0.0,2017-02-23 22:37:25,-Infinity
9.376,-2.873,0.593,0.0,2017-02-23 22:37:26,-Infinity
9.222,-2.796,-1.168,0.0,2017-02-23 22:37:27,-Infinity
9.299,-2.796,-1.781,0.0,2017-02-23 22:37:28,-Infinity
9.107,-2.873,-1.359,0.0,2017-02-23 22:37:29,-Infinity
8.878,-2.988,-0.402,0.0,2017-02-23 22:37:30,-Infinity
9.376,-2.336,0.402,0.0,2017-02-23 22:37:31,-Infinity
9.529,-1.838,-0.861,0.0,2017-02-23 22:37:32,-Infinity
9.529,-1.838,-0.632,0.0,2017-02-23 22:37:33,-Infinity
9.567,-1.762,-0.44,0.0,2017-02-23 22:37:34,-Infinity
9.529,-1.647,-0.363,0.0,2017-02-23 22:37:35,-Infinity
9.567,-1.685,-0.478,0.0,2017-02-23 22:37:36,-Infinity
9.605,-1.647,-0.325,0.0,2017-02-23 22:37:37,-Infinity
9.337,-2.183,1.398,0.0,2017-02-23 22:37:38,-Infinity
9.222,-2.604,0.21,0.0,2017-02-23 22:37:39,-Infinity
9.414,-2.375,-0.134,0.0,2017-02-23 22:37:40,-Infinity
9.337,-2.413,-0.249,0.0,2017-02-23 22:37:41,-Infinity
9.337,-2.413,-0.402,0.0,2017-02-23 22:37:42,-Infinity
9.376,-2.451,-0.44,0.0,2017-02-23 22:37:43,-Infinity
9.452,-2.451,-0.21,0.0,2017-02-23 22:37:44,-Infinity
9.414,-2.413,-0.21,0.0,2017-02-23 22:37:45,-Infinity
9.452,-2.03,-1.168,0.0,2017-02-23 22:37:46,-Infinity
9.414,-2.068,-0.823,0.0,2017-02-23 22:37:47,-Infinity
9.414,-2.068,-0.747,0.0,2017-02-23 22:37:48,-Infinity
9.529,-2.221,-0.249,0.0,2017-02-23 22:37:49,-Infinity
9.376,-2.145,-0.249,0.0,2017-02-23 22:37:50,-Infinity
9.376,-2.221,-0.287,0.0,2017-02-23 22:37:51,-Infinity
9.49,-2.26,-0.363,0.0,2017-02-23 22:37:52,-Infinity
9.337,-2.298,-0.287,0.0,2017-02-23 22:37:53,-Infinity
9.605,-2.106,-0.172,0.0,2017-02-23 22:37:54,-Infinity
9.452,-2.298,-0.172,0.0,2017-02-23 22:37:55,-Infinity
9.529,-2.183,-0.172,0.0,2017-02-23 22:37:56,-Infinity
9.452,-2.221,-0.21,0.0,2017-02-23 22:37:57,-Infinity
9.529,-2.26,-0.21,0.0,2017-02-23 22:37:58,-Infinity
9.414,-2.298,-0.249,0.0,2017-02-23 22:37:59,-Infinity
9.414,-2.336,-0.287,0.0,2017-02-23 22:38:00,-Infinity
9.452,-2.26,-0.057,0.0,2017-02-23 22:38:01,-Infinity
8.533,-2.106,-0.363,0.0,2017-02-23 22:38:02,-Infinity
9.529,-1.723,-0.976,0.0,2017-02-23 22:38:03,-Infinity
9.49,-1.762,-0.938,0.0,2017-02-23 22:38:05,-Infinity
9.49,-1.723,-0.976,0.0,2017-02-23 22:38:06,-Infinity
9.567,-1.723,-0.9,0.0,2017-02-23 22:38:07,-Infinity
9.452,-1.8,-0.938,0.0,2017-02-23 22:38:08,-Infinity
9.529,-1.762,-0.861,0.0,2017-02-23 22:38:09,-Infinity
9.567,-1.838,-0.785,0.0,2017-02-23 22:38:10,-Infinity
9.529,-1.762,-0.517,0.0,2017-02-23 22:38:11,-Infinity
9.72,-1.838,0.249,0.0,2017-02-23 22:38:12,-Infinity
9.107,-2.643,-1.896,0.0,2017-02-23 22:38:13,-Infinity
8.648,-2.758,-2.662,0.0,2017-02-23 22:38:14,-Infinity
9.031,-2.604,-2.317,0.0,2017-02-23 22:38:15,-Infinity
9.184,-2.758,-0.747,0.0,2017-02-23 22:38:16,-Infinity
9.337,-1.992,-0.747,0.0,2017-02-23 22:38:17,-Infinity
9.414,-2.183,-1.359,0.0,2017-02-23 22:38:18,-Infinity
9.414,-2.106,-1.359,0.0,2017-02-23 22:38:19,-Infinity
9.337,-2.068,-1.206,0.0,2017-02-23 22:38:20,-Infinity
9.452,-2.068,-0.9,0.0,2017-02-23 22:38:21,-Infinity
9.414,-2.068,-0.938,0.0,2017-02-23 22:38:22,-Infinity
9.49,-2.068,-0.976,0.0,2017-02-23 22:38:23,-Infinity
9.452,-2.145,-1.015,0.0,2017-02-23 22:38:24,-Infinity
9.452,-2.106,-0.9,0.0,2017-02-23 22:38:25,-Infinity
9.49,-2.106,-0.823,0.0,2017-02-23 22:38:26,-Infinity
9.414,-2.03,-0.823,0.0,2017-02-23 22:38:27,-Infinity
9.452,-2.03,-0.785,0.0,2017-02-23 22:38:28,-Infinity
9.452,-2.068,-0.785,0.0,2017-02-23 22:38:29,-Infinity
9.452,-2.03,-0.823,0.0,2017-02-23 22:38:30,-Infinity
9.452,-2.068,-0.67,0.0,2017-02-23 22:38:31,-Infinity
9.452,-2.03,-0.67,0.0,2017-02-23 22:38:32,-Infinity
9.452,-2.03,-0.632,0.0,2017-02-23 22:38:33,-Infinity
9.49,-1.992,-0.708,0.0,2017-02-23 22:38:34,-Infinity
9.49,-2.03,-0.632,0.0,2017-02-23 22:38:35,-Infinity
9.49,-2.03,-0.593,0.0,2017-02-23 22:38:36,-Infinity
9.49,-2.03,-0.67,0.0,2017-02-23 22:38:37,-Infinity
9.452,-1.992,-0.517,0.0,2017-02-23 22:38:38,-Infinity
9.452,-2.03,-0.632,0.0,2017-02-23 22:38:39,-Infinity
9.452,-1.992,-0.44,0.0,2017-02-23 22:38:40,-Infinity
9.49,-2.03,-0.593,0.0,2017-02-23 22:38:41,-Infinity
9.49,-2.03,-0.517,0.0,2017-02-23 22:38:42,-Infinity
9.414,-2.068,-0.517,0.0,2017-02-23 22:38:43,-Infinity
9.49,-2.03,-0.632,0.0,2017-02-23 22:38:44,-Infinity
9.567,-2.03,-0.363,0.0,2017-02-23 22:38:45,-Infinity
9.452,-2.03,-0.402,0.0,2017-02-23 22:38:46,-Infinity
9.529,-1.953,-0.402,0.0,2017-02-23 22:38:47,-Infinity
9.49,-2.068,-0.517,0.0,2017-02-23 22:38:48,-Infinity
9.49,-1.953,-0.325,0.0,2017-02-23 22:38:49,-Infinity
9.49,-1.992,-0.325,0.0,2017-02-23 22:38:50,-Infinity
9.529,-1.953,-0.44,0.0,2017-02-23 22:38:51,-Infinity
9.452,-1.992,-0.44,0.0,2017-02-23 22:38:53,-Infinity
9.605,-1.915,-0.44,0.0,2017-02-23 22:38:54,-Infinity
9.529,-2.03,-0.363,0.0,2017-02-23 22:38:55,-Infinity
9.49,-1.953,-0.325,0.0,2017-02-23 22:38:56,-Infinity
9.529,-2.03,-0.44,0.0,2017-02-23 22:38:57,-Infinity
9.567,-1.953,-0.287,0.0,2017-02-23 22:38:58,-Infinity
9.529,-1.915,-0.478,0.0,2017-02-23 22:38:59,-Infinity
9.49,-1.992,-0.325,0.0,2017-02-23 22:39:00,-Infinity
9.529,-2.03,-0.478,0.0,2017-02-23 22:39:01,-Infinity
9.49,-1.992,-0.478,0.0,2017-02-23 22:39:02,-Infinity
9.529,-2.03,-0.44,0.0,2017-02-23 22:39:03,-Infinity
9.49,-2.068,-0.517,0.0,2017-02-23 22:39:04,-Infinity
9.49,-2.03,-0.402,0.0,2017-02-23 22:39:05,-Infinity
9.452,-1.992,-0.363,0.0,2017-02-23 22:39:06,-Infinity
9.529,-1.992,-0.249,0.0,2017-02-23 22:39:07,-Infinity
9.529,-1.953,-0.363,0.0,2017-02-23 22:39:08,-Infinity
9.529,-2.068,-0.325,0.0,2017-02-23 22:39:09,-Infinity
9.529,-1.992,-0.21,0.0,2017-02-23 22:39:10,-Infinity
9.452,-1.992,-0.172,0.0,2017-02-23 22:39:11,-Infinity
9.567,-1.953,-0.325,0.0,2017-02-23 22:39:12,-Infinity
9.529,-1.953,-0.402,0.0,2017-02-23 22:39:13,-Infinity
9.529,-1.953,-0.134,0.0,2017-02-23 22:39:14,-Infinity
9.49,-1.992,-0.44,0.0,2017-02-23 22:39:15,-Infinity
9.567,-1.877,-0.21,0.0,2017-02-23 22:39:16,-Infinity
9.49,-1.992,-0.287,0.0,2017-02-23 22:39:17,-Infinity
9.49,-1.992,-0.325,0.0,2017-02-23 22:39:18,-Infinity
9.49,-1.915,-0.287,0.0,2017-02-23 22:39:19,-Infinity
9.49,-2.03,-0.287,0.0,2017-02-23 22:39:20,-Infinity
9.529,-1.953,-0.134,0.0,2017-02-23 22:39:21,-Infinity
9.452,-1.915,-0.287,0.0,2017-02-23 22:39:22,-Infinity
9.567,-1.953,-0.287,0.0,2017-02-23 22:39:23,-Infinity
9.529,-2.03,-0.325,0.0,2017-02-23 22:39:24,-Infinity
9.529,-1.953,-0.287,0.0,2017-02-23 22:39:25,-Infinity
9.49,-1.992,-0.325,0.0,2017-02-23 22:39:26,-Infinity
9.529,-1.953,-0.287,0.0,2017-02-23 22:39:27,-Infinity
9.529,-1.953,-0.363,0.0,2017-02-23 22:39:28,-Infinity
9.49,-1.877,-0.363,0.0,2017-02-23 22:39:29,-Infinity
9.529,-1.953,-0.325,0.0,2017-02-23 22:39:30,-Infinity
9.49,-1.992,-0.402,0.0,2017-02-23 22:39:31,-Infinity
9.529,-1.915,-0.249,0.0,2017-02-23 22:39:32,-Infinity
9.988,-1.953,-0.823,0.0,2017-02-23 22:39:33,-Infinity
9.376,-1.838,-0.325,0.0,2017-02-23 22:39:34,-Infinity
8.992,-3.141,0.823,0.0,2017-02-23 22:39:35,-Infinity
8.878,-3.447,-0.44,0.0,2017-02-23 22:39:36,-Infinity
8.992,-3.141,-1.743,0.0,2017-02-23 22:39:38,-Infinity
9.031,-2.873,-2.202,0.0,2017-02-23 22:39:39,-Infinity
9.337,-2.528,-1.13,0.0,2017-02-23 22:39:40,-Infinity
9.146,-2.834,-0.9,0.0,2017-02-23 22:39:41,-Infinity
9.222,-2.796,-1.053,0.0,2017-02-23 22:39:42,-Infinity
9.299,-2.719,-1.015,0.0,2017-02-23 22:39:43,-Infinity
9.299,-2.681,-1.053,0.0,2017-02-23 22:39:44,-Infinity
9.222,-2.758,-1.091,0.0,2017-02-23 22:39:45,-Infinity
9.261,-2.719,-0.976,0.0,2017-02-23 22:39:46,-Infinity
9.261,-2.758,-0.861,0.0,2017-02-23 22:39:47,-Infinity
9.261,-2.719,-1.015,0.0,2017-02-23 22:39:48,-Infinity
9.299,-2.719,-0.9,0.0,2017-02-23 22:39:49,-Infinity
9.222,-2.719,-0.9,0.0,2017-02-23 22:39:50,-Infinity
9.222,-2.758,-1.13,0.0,2017-02-23 22:39:51,-Infinity
9.222,-2.796,-1.053,0.0,2017-02-23 22:39:52,-Infinity
9.261,-2.758,-0.9,0.0,2017-02-23 22:39:53,-Infinity
9.222,-2.796,-1.053,0.0,2017-02-23 22:39:54,-Infinity
9.146,-2.834,-0.938,0.0,2017-02-23 22:39:55,-Infinity
9.49,-2.336,1.321,0.0,2017-02-23 22:39:56,-Infinity
8.571,-2.911,-0.632,0.0,2017-02-23 22:39:57,-Infinity
9.529,-2.604,-1.321,0.0,2017-02-23 22:39:58,-Infinity
9.222,-2.566,-1.474,0.0,2017-02-23 22:39:59,-Infinity
9.222,-2.681,-0.938,0.0,2017-02-23 22:40:00,-Infinity
9.299,-2.183,-1.666,0.0,2017-02-23 22:40:01,-Infinity
9.452,-1.723,-1.245,0.0,2017-02-23 22:40:02,-Infinity
9.49,-1.494,-1.628,0.0,2017-02-23 22:40:03,-Infinity
9.414,-1.494,-1.743,0.0,2017-02-23 22:40:04,-Infinity
9.529,-1.532,-1.704,0.0,2017-02-23 22:40:05,-Infinity
9.49,-1.455,-1.359,0.0,2017-02-23 22:40:06,-Infinity
9.529,-1.494,-1.513,0.0,2017-02-23 22:40:07,-Infinity
9.452,-1.532,-1.666,0.0,2017-02-23 22:40:08,-Infinity
9.49,-1.494,-1.666,0.0,2017-02-23 22:40:09,-Infinity
9.529,-1.379,-1.474,0.0,2017-02-23 22:40:10,-Infinity
9.414,-1.455,-1.513,0.0,2017-02-23 22:40:11,-Infinity
9.49,-1.417,-1.474,0.0,2017-02-23 22:40:12,-Infinity
9.567,-1.379,-1.551,0.0,2017-02-23 22:40:13,-Infinity
9.452,-1.455,-1.551,0.0,2017-02-23 22:40:14,-Infinity
9.644,-1.455,-1.551,0.0,2017-02-23 22:40:15,-Infinity
9.49,-1.455,-1.474,0.0,2017-02-23 22:40:16,-Infinity
9.529,-1.455,-1.436,0.0,2017-02-23 22:40:17,-Infinity
9.49,-1.417,-1.474,0.0,2017-02-23 22:40:18,-Infinity
9.414,-1.494,-1.474,0.0,2017-02-23 22:40:19,-Infinity
9.49,-1.494,-1.589,0.0,2017-02-23 22:40:20,-Infinity
9.529,-1.57,-1.589,0.0,2017-02-23 22:40:21,-Infinity
9.567,-1.494,-1.551,0.0,2017-02-23 22:40:22,-Infinity
9.414,-1.685,-1.666,0.0,2017-02-23 22:40:23,-Infinity
9.414,-1.723,-1.551,0.0,2017-02-23 22:40:25,-Infinity
9.452,-1.532,-1.743,0.0,2017-02-23 22:40:26,-Infinity
9.452,-1.685,-1.551,0.0,2017-02-23 22:40:27,-Infinity
9.452,-1.685,-1.589,0.0,2017-02-23 22:40:28,-Infinity
9.414,-1.647,-1.704,0.0,2017-02-23 22:40:29,-Infinity
9.452,-1.647,-1.704,0.0,2017-02-23 22:40:30,-Infinity
9.414,-1.685,-1.628,0.0,2017-02-23 22:40:31,-Infinity
9.414,-1.723,-1.628,0.0,2017-02-23 22:40:32,-Infinity
9.452,-1.608,-1.628,0.0,2017-02-23 22:40:33,-Infinity
9.414,-1.685,-1.589,0.0,2017-02-23 22:40:34,-Infinity
9.337,-1.647,-1.513,0.0,2017-02-23 22:40:35,-Infinity
9.529,-1.647,-1.551,0.0,2017-02-23 22:40:36,-Infinity
9.567,-1.762,-1.551,0.0,2017-02-23 22:40:37,-Infinity
9.452,-1.685,-1.666,0.0,2017-02-23 22:40:38,-Infinity
9.49,-1.647,-1.436,0.0,2017-02-23 22:40:39,-Infinity
9.49,-1.685,-1.589,0.0,2017-02-23 22:40:40,-Infinity
9.452,-1.762,-1.359,0.0,2017-02-23 22:40:41,-Infinity
9.414,-1.647,-1.551,0.0,2017-02-23 22:40:42,-Infinity
9.49,-1.723,-1.513,0.0,2017-02-23 22:40:43,-Infinity
9.452,-1.723,-1.283,0.0,2017-02-23 22:40:44,-Infinity
9.452,-1.685,-1.168,0.0,2017-02-23 22:40:45,-Infinity
9.49,-1.685,-1.13,0.0,2017-02-23 22:40:46,-Infinity
9.49,-1.647,-1.053,0.0,2017-02-23 22:40:47,-Infinity
9.529,-1.723,-1.053,0.0,2017-02-23 22:40:48,-Infinity
9.567,-1.8,-1.091,0.0,2017-02-23 22:40:49,-Infinity
9.452,-1.647,-0.9,0.0,2017-02-23 22:40:50,-Infinity
9.49,-1.723,-1.13,0.0,2017-02-23 22:40:51,-Infinity
9.529,-1.647,-1.245,0.0,2017-02-23 22:40:52,-Infinity
9.529,-1.647,-1.053,0.0,2017-02-23 22:40:53,-Infinity
9.49,-1.647,-1.091,0.0,2017-02-23 22:40:54,-Infinity
9.529,-1.685,-1.13,0.0,2017-02-23 22:40:55,-Infinity
9.452,-1.685,-1.13,0.0,2017-02-23 22:40:56,-Infinity
9.49,-1.647,-0.938,0.0,2017-02-23 22:40:57,-Infinity
9.452,-1.723,-1.091,0.0,2017-02-23 22:40:58,-Infinity
9.529,-1.608,-1.091,0.0,2017-02-23 22:40:59,-Infinity
9.529,-1.608,-0.938,0.0,2017-02-23 22:41:00,-Infinity
9.414,-1.608,-1.168,0.0,2017-02-23 22:41:01,-Infinity
9.414,-1.915,-0.938,0.0,2017-02-23 22:41:02,-Infinity
9.337,-2.068,-1.245,0.0,2017-02-23 22:41:03,-Infinity
9.337,-1.992,-1.321,0.0,2017-02-23 22:41:04,-Infinity
9.184,-2.528,0.287,0.0,2017-02-23 22:41:05,-Infinity
9.107,-2.681,-0.249,0.0,2017-02-23 22:41:06,-Infinity
9.376,-2.643,0.019,0.0,2017-02-23 22:41:07,-Infinity
9.184,-2.643,-0.517,0.0,2017-02-23 22:41:08,-Infinity
9.107,-2.566,-0.938,0.0,2017-02-23 22:41:09,-Infinity
9.376,-2.221,-0.976,0.0,2017-02-23 22:41:10,-Infinity
9.452,-2.298,-0.747,0.0,2017-02-23 22:41:11,-Infinity
9.414,-2.375,-0.9,0.0,2017-02-23 22:41:12,-Infinity
9.222,-2.758,-1.474,0.0,2017-02-23 22:41:14,-Infinity
9.835,-1.685,-1.628,0.0,2017-02-23 22:41:15,-Infinity
9.452,-1.685,-1.283,0.0,2017-02-23 22:41:16,-Infinity
9.452,-1.685,-1.283,0.0,2017-02-23 22:41:17,-Infinity
9.414,-1.723,-1.206,0.0,2017-02-23 22:41:18,-Infinity
9.49,-1.608,-1.245,0.0,2017-02-23 22:41:19,-Infinity
9.49,-1.647,-1.091,0.0,2017-02-23 22:41:20,-Infinity
9.452,-1.647,-1.245,0.0,2017-02-23 22:41:21,-Infinity
9.452,-1.723,-1.436,0.0,2017-02-23 22:41:22,-Infinity
9.414,-1.685,-1.436,0.0,2017-02-23 22:41:23,-Infinity
7.767,-2.911,-1.589,0.0,2017-02-23 22:41:24,-Infinity
9.72,1.723,-1.666,0.0,2017-02-23 22:41:25,-Infinity
8.916,2.911,-1.896,0.0,2017-02-23 22:41:26,-Infinity
7.422,5.056,-1.589,0.0,2017-02-23 22:41:27,-Infinity
9.682,3.677,-3.083,0.0,2017-02-23 22:41:28,-Infinity
8.38,3.562,-3.122,0.0,2017-02-23 22:41:29,-Infinity
8.686,3.715,-2.202,0.0,2017-02-23 22:41:30,-Infinity
8.763,3.524,-2.279,0.0,2017-02-23 22:41:31,-Infinity
9.146,3.256,-2.164,0.0,2017-02-23 22:41:32,-Infinity
8.954,2.873,-2.547,0.0,2017-02-23 22:41:33,-Infinity
8.648,3.294,-2.087,0.0,2017-02-23 22:41:34,-Infinity
9.567,2.911,-2.355,0.0,2017-02-23 22:41:35,-Infinity
9.184,3.447,-1.053,0.0,2017-02-23 22:41:36,-Infinity
8.724,3.447,-1.091,0.0,2017-02-23 22:41:37,-Infinity
9.605,2.911,-1.896,0.0,2017-02-23 22:41:38,-Infinity
8.839,3.715,-0.287,0.0,2017-02-23 22:41:39,-Infinity
8.801,3.907,-0.057,0.0,2017-02-23 22:41:40,-Infinity
9.222,3.562,-0.019,0.0,2017-02-23 22:41:41,-Infinity
8.878,3.677,0.325,0.0,2017-02-23 22:41:42,-Infinity
9.031,3.792,0.44,0.0,2017-02-23 22:41:43,-Infinity
9.031,3.562,0.517,0.0,2017-02-23 22:41:44,-Infinity
9.184,3.102,0.517,0.0,2017-02-23 22:41:45,-Infinity
9.031,3.179,0.555,0.0,2017-02-23 22:41:46,-Infinity
9.414,2.988,0.325,0.0,2017-02-23 22:41:47,-Infinity
9.222,3.141,0.134,0.0,2017-02-23 22:41:48,-Infinity
9.49,2.949,0.363,0.0,2017-02-23 22:41:49,-Infinity
9.261,3.141,0.44,0.0,2017-02-23 22:41:50,-Infinity
8.188,4.405,-1.168,0.0,2017-02-23 22:41:51,-Infinity
8.265,4.482,-0.976,0.0,2017-02-23 22:41:52,-Infinity
9.376,3.447,-2.049,0.0,2017-02-23 22:41:53,-Infinity
8.839,4.099,-1.896,0.0,2017-02-23 22:41:54,-Infinity
8.839,3.869,-1.666,0.0,2017-02-23 22:41:55,-Infinity
9.031,3.715,-0.861,0.0,2017-02-23 22:41:56,-Infinity
9.146,3.447,-1.168,0.0,2017-02-23 22:41:57,-Infinity
9.222,2.988,-1.628,0.0,2017-02-23 22:41:58,-Infinity
9.261,2.988,-1.283,0.0,2017-02-23 22:42:00,-Infinity
9.222,3.026,-1.398,0.0,2017-02-23 22:42:01,-Infinity
9.337,2.949,-1.245,0.0,2017-02-23 22:42:02,-Infinity
9.146,2.911,-1.091,0.0,2017-02-23 22:42:03,-Infinity
9.299,2.873,-1.13,0.0,2017-02-23 22:42:04,-Infinity
9.299,2.873,-1.015,0.0,2017-02-23 22:42:05,-Infinity
9.299,2.873,-1.13,0.0,2017-02-23 22:42:06,-Infinity
9.337,2.873,-1.168,0.0,2017-02-23 22:42:07,-Infinity
9.261,2.834,-1.168,0.0,2017-02-23 22:42:08,-Infinity
9.222,2.834,-0.938,0.0,2017-02-23 22:42:09,-Infinity
9.452,2.834,-1.015,0.0,2017-02-23 22:42:10,-Infinity
9.376,2.796,-0.938,0.0,2017-02-23 22:42:11,-Infinity
9.376,2.834,-0.976,0.0,2017-02-23 22:42:12,-Infinity
9.299,2.758,-0.861,0.0,2017-02-23 22:42:13,-Infinity
9.529,2.758,-0.823,0.0,2017-02-23 22:42:14,-Infinity
9.337,2.604,-0.976,0.0,2017-02-23 22:42:15,-Infinity
9.299,2.681,-0.938,0.0,2017-02-23 22:42:16,-Infinity
9.376,2.643,-0.785,0.0,2017-02-23 22:42:17,-Infinity
9.337,2.604,-0.938,0.0,2017-02-23 22:42:18,-Infinity
9.452,2.528,-0.861,0.0,2017-02-23 22:42:19,-Infinity
9.452,2.49,-0.785,0.0,2017-02-23 22:42:20,-Infinity
9.567,2.528,-0.785,0.0,2017-02-23 22:42:21,-Infinity
9.49,2.375,-0.67,0.0,2017-02-23 22:42:22,-Infinity
9.49,2.528,-0.632,0.0,2017-02-23 22:42:23,-Infinity
9.49,2.528,-0.747,0.0,2017-02-23 22:42:24,-Infinity
9.452,2.451,-0.785,0.0,2017-02-23 22:42:25,-Infinity
9.72,2.719,-2.011,0.0,2017-02-23 22:42:26,-Infinity
8.763,3.562,-2.355,0.0,2017-02-23 22:42:27,-Infinity
9.107,3.332,-1.474,0.0,2017-02-23 22:42:28,-Infinity
8.801,3.486,-1.704,0.0,2017-02-23 22:42:29,-Infinity
9.146,3.064,-1.398,0.0,2017-02-23 22:42:30,-Infinity
9.222,3.064,-1.245,0.0,2017-02-23 22:42:31,-Infinity
9.184,2.988,-1.398,0.0,2017-02-23 22:42:32,-Infinity
9.261,2.988,-1.168,0.0,2017-02-23 22:42:33,-Infinity
9.376,2.911,-1.206,0.0,2017-02-23 22:42:34,-Infinity
8.839,2.528,-1.091,0.0,2017-02-23 22:42:35,-Infinity
9.222,2.911,-1.359,0.0,2017-02-23 22:42:36,-Infinity
9.376,2.911,-1.168,0.0,2017-02-23 22:42:37,-Infinity
9.184,2.834,-0.938,0.0,2017-02-23 22:42:38,-Infinity
9.069,2.796,-1.053,0.0,2017-02-23 22:42:39,-Infinity
9.567,2.604,-1.13,0.0,2017-02-23 22:42:40,-Infinity
9.452,2.719,-0.938,0.0,2017-02-23 22:42:41,-Infinity
9.184,3.332,-1.551,0.0,2017-02-23 22:42:42,-Infinity
8.839,-1.838,-3.352,0.0,2017-02-23 22:42:43,-Infinity
9.605,-3.409,-1.857,0.0,2017-02-23 22:42:44,-Infinity
8.533,-3.102,-2.815,0.0,2017-02-23 22:42:45,-Infinity
8.226,-4.98,-1.666,0.0,2017-02-23 22:42:46,-Infinity
8.494,-4.252,-1.283,0.0,2017-02-23 22:42:48,-Infinity
8.686,-3.945,-1.321,0.0,2017-02-23 22:42:49,-Infinity
8.916,-3.562,-1.13,0.0,2017-02-23 22:42:50,-Infinity
8.878,-3.754,-1.053,0.0,2017-02-23 22:42:51,-Infinity
9.031,-3.639,-1.283,0.0,2017-02-23 22:42:52,-Infinity
8.839,-3.639,-0.861,0.0,2017-02-23 22:42:53,-Infinity
8.839,-3.677,-0.9,0.0,2017-02-23 22:42:54,-Infinity
8.954,-3.715,-0.21,0.0,2017-02-23 22:42:55,-Infinity
8.801,-3.754,-0.708,0.0,2017-02-23 22:42:56,-Infinity
8.839,-3.486,-1.091,0.0,2017-02-23 22:42:57,-Infinity
8.916,-3.409,-0.938,0.0,2017-02-23 22:42:58,-Infinity
9.031,-3.256,-0.9,0.0,2017-02-23 22:42:59,-Infinity
8.916,-3.256,-0.478,0.0,2017-02-23 22:43:00,-Infinity
9.031,-3.332,-0.44,0.0,2017-02-23 22:43:01,-Infinity
8.992,-3.371,-0.785,0.0,2017-02-23 22:43:02,-Infinity
8.992,-3.332,-0.823,0.0,2017-02-23 22:43:03,-Infinity
9.107,-3.332,-0.708,0.0,2017-02-23 22:43:04,-Infinity
8.992,-3.447,-0.67,0.0,2017-02-23 22:43:05,-Infinity
9.069,-3.332,-0.632,0.0,2017-02-23 22:43:06,-Infinity
9.031,-3.256,-0.593,0.0,2017-02-23 22:43:07,-Infinity
9.107,-3.256,-0.67,0.0,2017-02-23 22:43:08,-Infinity
9.146,-3.294,-0.747,0.0,2017-02-23 22:43:09,-Infinity
7.958,-4.711,-2.164,0.0,2017-02-23 22:43:10,-Infinity
8.265,-4.635,-1.206,0.0,2017-02-23 22:43:11,-Infinity
8.571,-4.175,-1.13,0.0,2017-02-23 22:43:12,-Infinity
8.609,-4.213,-1.13,0.0,2017-02-23 22:43:13,-Infinity
8.724,-4.252,-1.206,0.0,2017-02-23 22:43:14,-Infinity
8.571,-4.29,-1.091,0.0,2017-02-23 22:43:15,-Infinity
8.609,-4.137,-1.245,0.0,2017-02-23 22:43:16,-Infinity
8.609,-4.213,-1.091,0.0,2017-02-23 22:43:17,-Infinity
8.648,-4.213,-1.13,0.0,2017-02-23 22:43:18,-Infinity
8.648,-4.175,-1.053,0.0,2017-02-23 22:43:19,-Infinity
8.609,-4.099,-1.091,0.0,2017-02-23 22:43:20,-Infinity
8.648,-4.137,-1.091,0.0,2017-02-23 22:43:21,-Infinity
8.648,-4.099,-0.938,0.0,2017-02-23 22:43:22,-Infinity
8.648,-4.06,-0.861,0.0,2017-02-23 22:43:23,-Infinity
8.686,-4.137,-1.015,0.0,2017-02-23 22:43:24,-Infinity
8.686,-4.175,-0.976,0.0,2017-02-23 22:43:25,-Infinity
8.418,-4.213,-1.474,0.0,2017-02-23 22:43:26,-Infinity
8.38,-4.482,-1.359,0.0,2017-02-23 22:43:27,-Infinity
8.303,-4.558,-1.206,0.0,2017-02-23 22:43:28,-Infinity
8.418,-4.52,-1.053,0.0,2017-02-23 22:43:29,-Infinity
8.456,-4.52,-0.861,0.0,2017-02-23 22:43:30,-Infinity
8.571,-4.328,-1.283,0.0,2017-02-23 22:43:32,-Infinity
8.494,-4.443,-0.823,0.0,2017-02-23 22:43:33,-Infinity
8.801,-4.328,-2.126,0.0,2017-02-23 22:43:34,-Infinity
8.456,-4.29,-1.474,0.0,2017-02-23 22:43:35,-Infinity
8.494,-4.367,-1.245,0.0,2017-02-23 22:43:36,-Infinity
8.494,-4.328,-1.359,0.0,2017-02-23 22:43:37,-Infinity
8.494,-4.328,-1.436,0.0,2017-02-23 22:43:38,-Infinity
8.494,-4.328,-1.551,0.0,2017-02-23 22:43:39,-Infinity
8.494,-4.405,-1.359,0.0,2017-02-23 22:43:40,-Infinity
8.571,-4.213,-1.474,0.0,2017-02-23 22:43:41,-Infinity
8.571,-4.328,-1.398,0.0,2017-02-23 22:43:42,-Infinity
8.533,-4.175,-1.321,0.0,2017-02-23 22:43:43,-Infinity
8.494,-4.252,-1.015,0.0,2017-02-23 22:43:44,-Infinity
8.494,-4.367,-0.976,0.0,2017-02-23 22:43:45,-Infinity
8.456,-4.482,-1.245,0.0,2017-02-23 22:43:46,-Infinity
8.533,-4.367,-1.321,0.0,2017-02-23 22:43:47,-Infinity
8.418,-4.482,-0.976,0.0,2017-02-23 22:43:48,-Infinity
8.456,-4.405,-1.168,0.0,2017-02-23 22:43:49,-Infinity
8.571,-4.328,-1.283,0.0,2017-02-23 22:43:50,-Infinity
8.494,-4.328,-1.13,0.0,2017-02-23 22:43:51,-Infinity
8.571,-4.328,-1.168,0.0,2017-02-23 22:43:52,-Infinity
8.571,-4.367,-1.206,0.0,2017-02-23 22:43:53,-Infinity
8.533,-4.252,-1.168,0.0,2017-02-23 22:43:54,-Infinity
8.494,-4.29,-1.13,0.0,2017-02-23 22:43:55,-Infinity
8.609,-4.328,-1.398,0.0,2017-02-23 22:43:56,-Infinity
8.571,-4.328,-1.13,0.0,2017-02-23 22:43:57,-Infinity
8.533,-4.252,-1.015,0.0,2017-02-23 22:43:58,-Infinity
8.533,-4.252,-1.053,0.0,2017-02-23 22:43:59,-Infinity
8.533,-4.213,-1.015,0.0,2017-02-23 22:44:00,-Infinity
8.533,-4.29,-1.13,0.0,2017-02-23 22:44:01,-Infinity
8.494,-4.328,-1.206,0.0,2017-02-23 22:44:02,-Infinity
8.494,-4.328,-1.168,0.0,2017-02-23 22:44:03,-Infinity
8.303,-4.635,-1.666,0.0,2017-02-23 22:44:04,-Infinity
8.15,-4.98,-1.589,0.0,2017-02-23 22:44:05,-Infinity
8.494,-4.482,-1.245,0.0,2017-02-23 22:44:06,-Infinity
8.265,-4.405,-2.087,0.0,2017-02-23 22:44:07,-Infinity
8.418,-4.443,-1.666,0.0,2017-02-23 22:44:08,-Infinity
8.38,-4.328,-1.781,0.0,2017-02-23 22:44:09,-Infinity
8.571,-4.328,-1.743,0.0,2017-02-23 22:44:10,-Infinity
8.418,-4.443,-1.628,0.0,2017-02-23 22:44:11,-Infinity
8.341,-4.443,-1.551,0.0,2017-02-23 22:44:12,-Infinity
8.533,-4.252,-1.513,0.0,2017-02-23 22:44:13,-Infinity
8.38,-4.367,-1.513,0.0,2017-02-23 22:44:14,-Infinity
8.418,-4.328,-1.436,0.0,2017-02-23 22:44:15,-Infinity
8.456,-4.367,-1.589,0.0,2017-02-23 22:44:16,-Infinity
8.494,-4.367,-1.436,0.0,2017-02-23 22:44:17,-Infinity
8.418,-4.29,-1.628,0.0,2017-02-23 22:44:18,-Infinity
8.533,-4.29,-1.513,0.0,2017-02-23 22:44:20,-Infinity
8.494,-4.29,-1.436,0.0,2017-02-23 22:44:21,-Infinity
8.494,-4.252,-1.474,0.0,2017-02-23 22:44:22,-Infinity
8.456,-4.328,-1.321,0.0,2017-02-23 22:44:23,-Infinity
8.111,-4.558,-0.823,0.0,2017-02-23 22:44:24,-Infinity
7.652,-5.056,-2.509,0.0,2017-02-23 22:44:25,-Infinity
8.073,-5.056,-2.011,0.0,2017-02-23 22:44:26,-Infinity
8.494,-4.252,-1.819,0.0,2017-02-23 22:44:27,-Infinity
8.571,-4.06,-1.857,0.0,2017-02-23 22:44:28,-Infinity
8.533,-4.022,-1.781,0.0,2017-02-23 22:44:29,-Infinity
8.456,-4.099,-1.896,0.0,2017-02-23 22:44:30,-Infinity
8.571,-3.984,-1.819,0.0,2017-02-23 22:44:31,-Infinity
8.533,-3.945,-1.781,0.0,2017-02-23 22:44:32,-Infinity
8.533,-4.022,-2.011,0.0,2017-02-23 22:44:33,-Infinity
7.92,-4.367,-1.819,0.0,2017-02-23 22:44:34,-Infinity
8.533,-3.907,-2.011,0.0,2017-02-23 22:44:35,-Infinity
8.571,-4.175,-1.704,0.0,2017-02-23 22:44:36,-Infinity
8.609,-3.945,-1.666,0.0,2017-02-23 22:44:37,-Infinity
8.724,-3.83,-1.474,0.0,2017-02-23 22:44:38,-Infinity
8.763,-3.83,-1.781,0.0,2017-02-23 22:44:39,-Infinity
8.686,-3.754,-1.589,0.0,2017-02-23 22:44:40,-Infinity
8.763,-3.869,-1.704,0.0,2017-02-23 22:44:41,-Infinity
8.763,-3.754,-1.666,0.0,2017-02-23 22:44:42,-Infinity
8.724,-3.83,-1.589,0.0,2017-02-23 22:44:43,-Infinity
8.724,-3.792,-1.628,0.0,2017-02-23 22:44:44,-Infinity
8.724,-3.754,-1.589,0.0,2017-02-23 22:44:45,-Infinity
8.763,-3.754,-1.551,0.0,2017-02-23 22:44:46,-Infinity
8.763,-3.869,-1.666,0.0,2017-02-23 22:44:47,-Infinity
8.724,-3.754,-1.628,0.0,2017-02-23 22:44:48,-Infinity
8.801,-3.754,-1.551,0.0,2017-02-23 22:44:49,-Infinity
8.724,-3.792,-1.551,0.0,2017-02-23 22:44:50,-Infinity
8.801,-3.715,-1.589,0.0,2017-02-23 22:44:51,-Infinity
8.839,-3.792,-1.474,0.0,2017-02-23 22:44:52,-Infinity
8.801,-3.83,-1.589,0.0,2017-02-23 22:44:53,-Infinity
8.801,-3.754,-1.474,0.0,2017-02-23 22:44:54,-Infinity
8.801,-3.754,-1.474,0.0,2017-02-23 22:44:55,-Infinity
8.686,-3.754,-1.513,0.0,2017-02-23 22:44:56,-Infinity
8.763,-3.715,-1.513,0.0,2017-02-23 22:44:57,-Infinity
8.801,-3.715,-1.513,0.0,2017-02-23 22:44:58,-Infinity
8.839,-3.715,-1.436,0.0,2017-02-23 22:44:59,-Infinity
8.801,-3.715,-1.321,0.0,2017-02-23 22:45:00,-Infinity
8.878,-3.677,-1.168,0.0,2017-02-23 22:45:01,-Infinity
8.839,-3.754,-1.321,0.0,2017-02-23 22:45:02,-Infinity
8.839,-3.792,-1.398,0.0,2017-02-23 22:45:03,-Infinity
8.763,-3.677,-1.206,0.0,2017-02-23 22:45:04,-Infinity
8.763,-3.715,-1.283,0.0,2017-02-23 22:45:05,-Infinity
8.916,-3.677,-1.398,0.0,2017-02-23 22:45:07,-Infinity
8.839,-3.677,-1.359,0.0,2017-02-23 22:45:08,-Infinity
8.801,-3.715,-1.321,0.0,2017-02-23 22:45:09,-Infinity
8.763,-3.83,-1.168,0.0,2017-02-23 22:45:10,-Infinity
8.839,-3.715,-1.206,0.0,2017-02-23 22:45:11,-Infinity
8.763,-3.792,-1.359,0.0,2017-02-23 22:45:12,-Infinity
8.686,-3.677,-1.359,0.0,2017-02-23 22:45:13,-Infinity
8.801,-3.715,-1.283,0.0,2017-02-23 22:45:14,-Infinity
8.839,-3.754,-1.436,0.0,2017-02-23 22:45:15,-Infinity
8.686,-3.677,-1.513,0.0,2017-02-23 22:45:16,-Infinity
8.801,-3.677,-1.474,0.0,2017-02-23 22:45:17,-Infinity
8.763,-3.792,-1.589,0.0,2017-02-23 22:45:18,-Infinity
8.801,-3.677,-1.321,0.0,2017-02-23 22:45:19,-Infinity
8.839,-3.639,-1.628,0.0,2017-02-23 22:45:20,-Infinity
8.916,-3.639,-1.666,0.0,2017-02-23 22:45:21,-Infinity
8.801,-3.562,-1.666,0.0,2017-02-23 22:45:22,-Infinity
8.839,-3.562,-1.513,0.0,2017-02-23 22:45:23,-Infinity
8.839,-3.486,-1.283,0.0,2017-02-23 22:45:24,-Infinity
8.839,-3.562,-1.551,0.0,2017-02-23 22:45:25,-Infinity
8.839,-3.601,-1.628,0.0,2017-02-23 22:45:26,-Infinity
8.878,-3.524,-1.474,0.0,2017-02-23 22:45:27,-Infinity
8.878,-3.447,-1.436,0.0,2017-02-23 22:45:28,-Infinity
8.839,-3.524,-1.474,0.0,2017-02-23 22:45:29,-Infinity
8.954,-3.562,-1.398,0.0,2017-02-23 22:45:30,-Infinity
8.801,-3.562,-1.474,0.0,2017-02-23 22:45:31,-Infinity
8.878,-3.562,-1.551,0.0,2017-02-23 22:45:32,-Infinity
8.839,-3.524,-1.474,0.0,2017-02-23 22:45:33,-Infinity
8.839,-3.486,-1.513,0.0,2017-02-23 22:45:34,-Infinity
8.916,-3.562,-1.321,0.0,2017-02-23 22:45:35,-Infinity
8.878,-3.447,-1.436,0.0,2017-02-23 22:45:36,-Infinity
8.916,-3.486,-1.359,0.0,2017-02-23 22:45:37,-Infinity
8.916,-3.447,-1.321,0.0,2017-02-23 22:45:38,-Infinity
8.954,-3.447,-1.283,0.0,2017-02-23 22:45:39,-Infinity
8.916,-3.447,-1.321,0.0,2017-02-23 22:45:40,-Infinity
8.954,-3.447,-1.321,0.0,2017-02-23 22:45:41,-Infinity
8.954,-3.371,-1.436,0.0,2017-02-23 22:45:42,-Infinity
8.992,-3.447,-1.321,0.0,2017-02-23 22:45:43,-Infinity
8.878,-3.447,-1.206,0.0,2017-02-23 22:45:44,-Infinity
8.992,-3.409,-1.321,0.0,2017-02-23 22:45:45,-Infinity
8.801,-3.601,-1.283,0.0,2017-02-23 22:45:46,-Infinity
8.878,-3.486,-1.091,0.0,2017-02-23 22:45:47,-Infinity
8.839,-3.562,-1.551,0.0,2017-02-23 22:45:48,-Infinity
8.763,-3.83,-1.398,0.0,2017-02-23 22:45:49,-Infinity
8.724,-3.869,-1.896,0.0,2017-02-23 22:45:50,-Infinity
8.801,-3.869,-1.743,0.0,2017-02-23 22:45:51,-Infinity
8.724,-3.792,-1.551,0.0,2017-02-23 22:45:53,-Infinity
8.686,-3.792,-1.819,0.0,2017-02-23 22:45:54,-Infinity
8.686,-3.792,-1.857,0.0,2017-02-23 22:45:55,-Infinity
8.686,-3.715,-1.857,0.0,2017-02-23 22:45:56,-Infinity
8.724,-3.83,-1.819,0.0,2017-02-23 22:45:57,-Infinity
8.724,-3.792,-1.857,0.0,2017-02-23 22:45:58,-Infinity
8.724,-3.754,-1.819,0.0,2017-02-23 22:45:59,-Infinity
8.724,-3.754,-1.781,0.0,2017-02-23 22:46:00,-Infinity
8.724,-3.677,-1.781,0.0,2017-02-23 22:46:01,-Infinity
8.686,-3.754,-1.704,0.0,2017-02-23 22:46:02,-Infinity
8.763,-3.715,-1.743,0.0,2017-02-23 22:46:03,-Infinity
8.763,-3.639,-1.628,0.0,2017-02-23 22:46:04,-Infinity
8.763,-3.639,-1.666,0.0,2017-02-23 22:46:05,-Infinity
8.801,-3.677,-1.628,0.0,2017-02-23 22:46:06,-Infinity
8.724,-3.677,-1.628,0.0,2017-02-23 22:46:07,-Infinity
8.801,-3.677,-1.781,0.0,2017-02-23 22:46:08,-Infinity
8.801,-3.639,-1.628,0.0,2017-02-23 22:46:09,-Infinity
8.724,-3.715,-1.628,0.0,2017-02-23 22:46:10,-Infinity
8.839,-3.715,-1.628,0.0,2017-02-23 22:46:11,-Infinity
8.801,-3.715,-1.589,0.0,2017-02-23 22:46:12,-Infinity
8.839,-3.715,-1.628,0.0,2017-02-23 22:46:13,-Infinity
8.839,-3.639,-1.589,0.0,2017-02-23 22:46:14,-Infinity
8.801,-3.715,-1.628,0.0,2017-02-23 22:46:15,-Infinity
8.801,-3.715,-1.589,0.0,2017-02-23 22:46:16,-Infinity
8.763,-3.601,-1.551,0.0,2017-02-23 22:46:17,-Infinity
8.763,-3.677,-1.666,0.0,2017-02-23 22:46:18,-Infinity
8.763,-3.677,-1.551,0.0,2017-02-23 22:46:19,-Infinity
8.763,-3.677,-1.513,0.0,2017-02-23 22:46:20,-Infinity
8.878,-3.639,-1.628,0.0,2017-02-23 22:46:21,-Infinity
8.763,-3.754,-1.474,0.0,2017-02-23 22:46:22,-Infinity
8.839,-3.639,-1.628,0.0,2017-02-23 22:46:23,-Infinity
8.763,-3.639,-1.474,0.0,2017-02-23 22:46:24,-Infinity
8.763,-3.601,-1.474,0.0,2017-02-23 22:46:25,-Infinity
8.878,-3.677,-1.589,0.0,2017-02-23 22:46:26,-Infinity
8.763,-3.677,-1.474,0.0,2017-02-23 22:46:27,-Infinity
8.839,-3.601,-1.436,0.0,2017-02-23 22:46:28,-Infinity
8.801,-3.677,-1.513,0.0,2017-02-23 22:46:29,-Infinity
8.878,-3.677,-1.398,0.0,2017-02-23 22:46:30,-Infinity
8.801,-3.639,-1.474,0.0,2017-02-23 22:46:31,-Infinity
8.839,-3.639,-1.436,0.0,2017-02-23 22:46:32,-Infinity
8.839,-3.715,-1.474,0.0,2017-02-23 22:46:33,-Infinity
8.763,-3.677,-1.474,0.0,2017-02-23 22:46:34,-Infinity
8.763,-3.639,-1.436,0.0,2017-02-23 22:46:35,-Infinity
8.839,-3.639,-1.474,0.0,2017-02-23 22:46:36,-Infinity
8.801,-3.715,-1.436,0.0,2017-02-23 22:46:37,-Infinity
8.801,-3.677,-1.398,0.0,2017-02-23 22:46:38,-Infinity
8.763,-3.715,-1.436,0.0,2017-02-23 22:46:39,-Infinity
8.801,-3.639,-1.589,0.0,2017-02-23 22:46:40,-Infinity
8.839,-3.677,-1.398,0.0,2017-02-23 22:46:42,-Infinity
8.609,-3.026,-2.126,0.0,2017-02-23 22:46:43,-Infinity
8.839,1.034,-2.126,0.0,2017-02-23 22:46:44,-Infinity
8.073,4.597,-1.513,0.0,2017-02-23 22:46:45,-Infinity
9.605,4.213,-2.547,0.0,2017-02-23 22:46:46,-Infinity
8.533,4.252,-2.355,0.0,2017-02-23 22:46:47,-Infinity
8.609,4.175,-2.164,0.0,2017-02-23 22:46:48,-Infinity
8.609,4.175,-2.279,0.0,2017-02-23 22:46:49,-Infinity
8.648,4.022,-2.432,0.0,2017-02-23 22:46:50,-Infinity
8.724,3.792,-2.279,0.0,2017-02-23 22:46:51,-Infinity
8.839,3.601,-2.355,0.0,2017-02-23 22:46:52,-Infinity
8.878,3.486,-2.355,0.0,2017-02-23 22:46:53,-Infinity
8.839,3.409,-2.317,0.0,2017-02-23 22:46:54,-Infinity
9.069,3.371,-2.202,0.0,2017-02-23 22:46:55,-Infinity
8.992,3.294,-2.317,0.0,2017-02-23 22:46:56,-Infinity
9.031,3.179,-2.126,0.0,2017-02-23 22:46:57,-Infinity
9.031,3.179,-2.241,0.0,2017-02-23 22:46:58,-Infinity
8.992,3.141,-2.164,0.0,2017-02-23 22:46:59,-Infinity
9.184,3.064,-2.241,0.0,2017-02-23 22:47:00,-Infinity
9.107,3.026,-2.241,0.0,2017-02-23 22:47:01,-Infinity
9.031,3.064,-2.279,0.0,2017-02-23 22:47:02,-Infinity
9.069,3.026,-2.241,0.0,2017-02-23 22:47:03,-Infinity
9.031,3.026,-2.355,0.0,2017-02-23 22:47:04,-Infinity
9.184,3.026,-2.241,0.0,2017-02-23 22:47:05,-Infinity
9.107,2.949,-2.317,0.0,2017-02-23 22:47:06,-Infinity
9.567,2.873,-1.551,0.0,2017-02-23 22:47:07,-Infinity
9.414,3.026,-2.126,0.0,2017-02-23 22:47:08,-Infinity
9.644,2.681,-1.781,0.0,2017-02-23 22:47:09,-Infinity
8.992,2.949,-1.781,0.0,2017-02-23 22:47:10,-Infinity
9.031,2.911,-2.164,0.0,2017-02-23 22:47:11,-Infinity
9.069,2.911,-2.087,0.0,2017-02-23 22:47:12,-Infinity
8.878,2.758,-2.164,0.0,2017-02-23 22:47:13,-Infinity
9.222,2.988,-2.317,0.0,2017-02-23 22:47:14,-Infinity
9.146,2.911,-2.317,0.0,2017-02-23 22:47:15,-Infinity
9.107,2.834,-2.241,0.0,2017-02-23 22:47:16,-Infinity
9.146,2.873,-2.279,0.0,2017-02-23 22:47:17,-Infinity
9.107,2.834,-2.317,0.0,2017-02-23 22:47:18,-Infinity
9.146,2.834,-2.164,0.0,2017-02-23 22:47:19,-Infinity
9.107,2.873,-2.241,0.0,2017-02-23 22:47:20,-Infinity
9.146,2.949,-2.202,0.0,2017-02-23 22:47:21,-Infinity
9.107,2.834,-2.317,0.0,2017-02-23 22:47:22,-Infinity
9.146,2.796,-2.355,0.0,2017-02-23 22:47:23,-Infinity
9.107,2.796,-2.164,0.0,2017-02-23 22:47:24,-Infinity
9.107,2.834,-2.317,0.0,2017-02-23 22:47:25,-Infinity
9.222,2.834,-2.202,0.0,2017-02-23 22:47:26,-Infinity
9.107,2.796,-2.279,0.0,2017-02-23 22:47:27,-Infinity
9.184,2.873,-2.164,0.0,2017-02-23 22:47:28,-Infinity
9.146,2.796,-2.279,0.0,2017-02-23 22:47:30,-Infinity
9.184,2.834,-2.241,0.0,2017-02-23 22:47:31,-Infinity
9.222,2.719,-2.202,0.0,2017-02-23 22:47:32,-Infinity
9.107,2.719,-2.164,0.0,2017-02-23 22:47:33,-Infinity
9.107,2.834,-2.164,0.0,2017-02-23 22:47:34,-Infinity
9.261,2.796,-2.049,0.0,2017-02-23 22:47:35,-Infinity
9.184,2.796,-2.241,0.0,2017-02-23 22:47:36,-Infinity
9.184,2.834,-2.087,0.0,2017-02-23 22:47:37,-Infinity
9.222,2.873,-2.164,0.0,2017-02-23 22:47:38,-Infinity
9.261,2.834,-2.164,0.0,2017-02-23 22:47:39,-Infinity
9.184,2.873,-2.049,0.0,2017-02-23 22:47:40,-Infinity
9.222,2.758,-2.011,0.0,2017-02-23 22:47:41,-Infinity
9.261,2.758,-2.049,0.0,2017-02-23 22:47:42,-Infinity
9.261,2.911,-2.164,0.0,2017-02-23 22:47:43,-Infinity
9.222,2.834,-2.087,0.0,2017-02-23 22:47:44,-Infinity
9.299,2.796,-1.972,0.0,2017-02-23 22:47:45,-Infinity
9.107,2.758,-2.126,0.0,2017-02-23 22:47:46,-Infinity
9.222,2.719,-1.972,0.0,2017-02-23 22:47:47,-Infinity
9.222,2.834,-2.126,0.0,2017-02-23 22:47:48,-Infinity
9.261,2.796,-2.011,0.0,2017-02-23 22:47:49,-Infinity
9.222,2.758,-1.896,0.0,2017-02-23 22:47:50,-Infinity
9.222,2.796,-2.049,0.0,2017-02-23 22:47:51,-Infinity
9.222,2.796,-2.049,0.0,2017-02-23 22:47:52,-Infinity
9.222,2.719,-1.934,0.0,2017-02-23 22:47:53,-Infinity
9.184,2.834,-1.857,0.0,2017-02-23 22:47:54,-Infinity
9.146,2.758,-2.049,0.0,2017-02-23 22:47:55,-Infinity
9.222,2.758,-1.934,0.0,2017-02-23 22:47:56,-Infinity
9.184,2.796,-2.049,0.0,2017-02-23 22:47:57,-Infinity
9.184,2.796,-1.857,0.0,2017-02-23 22:47:58,-Infinity
9.299,2.796,-2.011,0.0,2017-02-23 22:47:59,-Infinity
9.222,2.758,-2.011,0.0,2017-02-23 22:48:00,-Infinity
9.299,2.758,-1.934,0.0,2017-02-23 22:48:01,-Infinity
9.261,2.758,-2.011,0.0,2017-02-23 22:48:02,-Infinity
9.299,2.758,-1.896,0.0,2017-02-23 22:48:03,-Infinity
9.222,2.758,-1.972,0.0,2017-02-23 22:48:04,-Infinity
9.337,2.758,-1.934,0.0,2017-02-23 22:48:05,-Infinity
9.222,2.758,-1.972,0.0,2017-02-23 22:48:06,-Infinity
9.184,2.796,-2.049,0.0,2017-02-23 22:48:07,-Infinity
9.184,2.719,-1.972,0.0,2017-02-23 22:48:08,-Infinity
9.261,2.719,-1.972,0.0,2017-02-23 22:48:09,-Infinity
9.107,2.719,-1.781,0.0,2017-02-23 22:48:10,-Infinity
9.146,2.796,-2.087,0.0,2017-02-23 22:48:11,-Infinity
9.299,2.834,-2.087,0.0,2017-02-23 22:48:12,-Infinity
9.107,2.758,-2.126,0.0,2017-02-23 22:48:13,-Infinity
9.146,2.758,-2.087,0.0,2017-02-23 22:48:14,-Infinity
9.337,2.719,-1.359,0.0,2017-02-23 22:48:15,-Infinity
9.337,2.681,-1.896,0.0,2017-02-23 22:48:16,-Infinity
9.299,2.643,-1.934,0.0,2017-02-23 22:48:17,-Infinity
9.222,2.681,-1.934,0.0,2017-02-23 22:48:19,-Infinity
9.299,2.681,-1.896,0.0,2017-02-23 22:48:20,-Infinity
9.184,2.643,-1.896,0.0,2017-02-23 22:48:21,-Infinity
9.337,2.681,-1.896,0.0,2017-02-23 22:48:22,-Infinity
9.299,2.604,-1.934,0.0,2017-02-23 22:48:23,-Infinity
9.222,2.643,-1.819,0.0,2017-02-23 22:48:24,-Infinity
9.261,2.604,-1.896,0.0,2017-02-23 22:48:25,-Infinity
9.222,2.643,-1.781,0.0,2017-02-23 22:48:26,-Infinity
9.337,2.566,-1.781,0.0,2017-02-23 22:48:27,-Infinity
9.299,2.566,-1.896,0.0,2017-02-23 22:48:28,-Infinity
9.299,2.566,-1.781,0.0,2017-02-23 22:48:29,-Infinity
9.299,2.643,-1.896,0.0,2017-02-23 22:48:30,-Infinity
9.261,2.643,-1.896,0.0,2017-02-23 22:48:31,-Infinity
9.376,2.681,-1.857,0.0,2017-02-23 22:48:32,-Infinity
9.261,2.643,-1.896,0.0,2017-02-23 22:48:33,-Infinity
9.337,2.566,-1.819,0.0,2017-02-23 22:48:34,-Infinity
9.376,2.604,-1.819,0.0,2017-02-23 22:48:35,-Infinity
9.299,2.643,-1.896,0.0,2017-02-23 22:48:36,-Infinity
7.498,4.75,-2.815,0.0,2017-02-23 22:48:37,-Infinity
8.341,4.175,-3.083,0.0,2017-02-23 22:48:38,-Infinity
8.686,3.715,-2.432,0.0,2017-02-23 22:48:39,-Infinity
8.763,3.524,-1.743,0.0,2017-02-23 22:48:40,-Infinity
8.073,4.137,-1.704,0.0,2017-02-23 22:48:41,-Infinity
8.571,3.754,-2.509,0.0,2017-02-23 22:48:42,-Infinity
8.763,3.754,-2.624,0.0,2017-02-23 22:48:43,-Infinity
8.801,3.754,-2.394,0.0,2017-02-23 22:48:44,-Infinity
7.69,4.443,-2.279,0.0,2017-02-23 22:48:45,-Infinity
8.724,3.984,-2.585,0.0,2017-02-23 22:48:46,-Infinity
8.418,4.252,-2.087,0.0,2017-02-23 22:48:47,-Infinity
8.38,3.945,-2.7,0.0,2017-02-23 22:48:48,-Infinity
8.878,3.869,-2.739,0.0,2017-02-23 22:48:49,-Infinity
8.763,3.907,-1.704,0.0,2017-02-23 22:48:50,-Infinity
8.878,3.754,-2.164,0.0,2017-02-23 22:48:51,-Infinity
9.107,3.754,-1.972,0.0,2017-02-23 22:48:52,-Infinity
8.916,3.562,-2.011,0.0,2017-02-23 22:48:53,-Infinity
8.954,3.601,-1.896,0.0,2017-02-23 22:48:54,-Infinity
9.069,3.562,-2.087,0.0,2017-02-23 22:48:55,-Infinity
9.031,3.524,-1.896,0.0,2017-02-23 22:48:56,-Infinity
8.954,3.486,-1.934,0.0,2017-02-23 22:48:57,-Infinity
9.069,3.447,-1.934,0.0,2017-02-23 22:48:58,-Infinity
8.954,3.562,-1.972,0.0,2017-02-23 22:48:59,-Infinity
9.031,3.486,-2.011,0.0,2017-02-23 22:49:00,-Infinity
9.069,3.486,-1.781,0.0,2017-02-23 22:49:01,-Infinity
9.107,3.447,-1.781,0.0,2017-02-23 22:49:02,-Infinity
9.069,3.371,-1.857,0.0,2017-02-23 22:49:03,-Infinity
9.069,3.409,-1.857,0.0,2017-02-23 22:49:05,-Infinity
8.992,3.332,-1.781,0.0,2017-02-23 22:49:06,-Infinity
9.031,3.371,-1.819,0.0,2017-02-23 22:49:07,-Infinity
9.069,3.371,-1.819,0.0,2017-02-23 22:49:08,-Infinity
9.107,3.332,-1.666,0.0,2017-02-23 22:49:09,-Infinity
9.107,3.332,-1.704,0.0,2017-02-23 22:49:10,-Infinity
9.146,3.294,-1.743,0.0,2017-02-23 22:49:11,-Infinity
9.069,3.294,-1.781,0.0,2017-02-23 22:49:12,-Infinity
9.031,3.332,-1.781,0.0,2017-02-23 22:49:13,-Infinity
9.107,3.332,-1.743,0.0,2017-02-23 22:49:14,-Infinity
9.069,3.332,-1.666,0.0,2017-02-23 22:49:15,-Infinity
9.184,3.217,-1.704,0.0,2017-02-23 22:49:16,-Infinity
9.184,3.179,-1.589,0.0,2017-02-23 22:49:17,-Infinity
9.146,3.294,-1.704,0.0,2017-02-23 22:49:18,-Infinity
9.222,3.217,-1.589,0.0,2017-02-23 22:49:19,-Infinity
9.184,3.217,-1.628,0.0,2017-02-23 22:49:20,-Infinity
9.146,3.294,-1.666,0.0,2017-02-23 22:49:21,-Infinity
9.107,3.179,-1.628,0.0,2017-02-23 22:49:22,-Infinity
9.222,3.102,-1.398,0.0,2017-02-23 22:49:23,-Infinity
8.188,3.907,-2.011,0.0,2017-02-23 22:49:24,-Infinity
8.188,4.826,-1.743,0.0,2017-02-23 22:49:25,-Infinity
9.605,3.754,-0.938,0.0,2017-02-23 22:49:26,-Infinity
9.184,4.06,-2.049,0.0,2017-02-23 22:49:27,-Infinity
8.686,4.099,-2.164,0.0,2017-02-23 22:49:28,-Infinity
8.724,4.099,-2.126,0.0,2017-02-23 22:49:29,-Infinity
8.724,3.984,-2.011,0.0,2017-02-23 22:49:30,-Infinity
8.878,3.83,-2.317,0.0,2017-02-23 22:49:31,-Infinity
8.686,3.869,-2.279,0.0,2017-02-23 22:49:32,-Infinity
8.763,3.945,-2.241,0.0,2017-02-23 22:49:33,-Infinity
8.878,3.83,-2.241,0.0,2017-02-23 22:49:34,-Infinity
8.878,3.869,-2.126,0.0,2017-02-23 22:49:35,-Infinity
8.571,3.792,-1.781,0.0,2017-02-23 22:49:36,-Infinity
8.916,3.792,-2.049,0.0,2017-02-23 22:49:37,-Infinity
8.839,3.754,-2.126,0.0,2017-02-23 22:49:38,-Infinity
8.954,3.677,-2.164,0.0,2017-02-23 22:49:39,-Infinity
8.954,3.715,-2.087,0.0,2017-02-23 22:49:40,-Infinity
8.878,3.754,-2.049,0.0,2017-02-23 22:49:41,-Infinity
8.916,3.639,-1.972,0.0,2017-02-23 22:49:42,-Infinity
8.954,3.677,-2.087,0.0,2017-02-23 22:49:43,-Infinity
8.839,3.754,-2.087,0.0,2017-02-23 22:49:44,-Infinity
8.916,3.639,-2.164,0.0,2017-02-23 22:49:45,-Infinity
8.839,3.754,-2.126,0.0,2017-02-23 22:49:46,-Infinity
8.954,3.677,-2.087,0.0,2017-02-23 22:49:47,-Infinity
8.878,3.754,-2.087,0.0,2017-02-23 22:49:48,-Infinity
8.916,3.562,-2.202,0.0,2017-02-23 22:49:49,-Infinity
8.648,4.022,-2.126,0.0,2017-02-23 22:49:50,-Infinity
8.648,4.175,-2.279,0.0,2017-02-23 22:49:52,-Infinity
8.686,4.175,-2.317,0.0,2017-02-23 22:49:53,-Infinity
8.724,4.099,-2.317,0.0,2017-02-23 22:49:54,-Infinity
8.686,4.137,-2.394,0.0,2017-02-23 22:49:55,-Infinity
8.763,4.099,-2.317,0.0,2017-02-23 22:49:56,-Infinity
8.609,4.06,-2.394,0.0,2017-02-23 22:49:57,-Infinity
8.686,4.06,-2.279,0.0,2017-02-23 22:49:58,-Infinity
8.686,4.137,-2.241,0.0,2017-02-23 22:49:59,-Infinity
8.609,4.137,-2.241,0.0,2017-02-23 22:50:00,-Infinity
8.648,4.099,-2.317,0.0,2017-02-23 22:50:01,-Infinity
8.686,4.06,-2.317,0.0,2017-02-23 22:50:02,-Infinity
8.801,4.06,-2.317,0.0,2017-02-23 22:50:03,-Infinity
8.609,4.137,-2.241,0.0,2017-02-23 22:50:04,-Infinity
8.609,4.022,-2.202,0.0,2017-02-23 22:50:05,-Infinity
8.686,4.099,-2.394,0.0,2017-02-23 22:50:06,-Infinity
8.763,4.06,-2.317,0.0,2017-02-23 22:50:07,-Infinity
8.763,4.099,-2.279,0.0,2017-02-23 22:50:08,-Infinity
8.724,4.06,-2.241,0.0,2017-02-23 22:50:09,-Infinity
8.686,4.022,-2.355,0.0,2017-02-23 22:50:10,-Infinity
8.609,4.022,-2.202,0.0,2017-02-23 22:50:11,-Infinity
8.724,3.984,-2.164,0.0,2017-02-23 22:50:12,-Infinity
8.801,4.022,-2.202,0.0,2017-02-23 22:50:13,-Infinity
8.763,4.175,-2.355,0.0,2017-02-23 22:50:14,-Infinity
8.571,4.29,-2.547,0.0,2017-02-23 22:50:15,-Infinity
0.411,4.175,-6.493,0.0,2017-02-23 22:50:16,-Infinity
-5.602,8.427,1.934,0.0,2017-02-23 22:50:17,-Infinity
-5.87,8.121,2.394,0.0,2017-02-23 22:50:18,-Infinity
4.587,7.24,2.126,0.0,2017-02-23 22:50:19,-Infinity
1.752,9.538,2.011,0.0,2017-02-23 22:50:20,-Infinity
2.633,9.347,1.743,0.0,2017-02-23 22:50:21,-Infinity
2.901,8.925,3.543,0.0,2017-02-23 22:50:22,-Infinity
2.863,9.117,1.972,0.0,2017-02-23 22:50:23,-Infinity
2.595,8.925,4.501,0.0,2017-02-23 22:50:24,-Infinity
2.672,9.117,1.857,0.0,2017-02-23 22:50:25,-Infinity
2.212,9.079,3.083,0.0,2017-02-23 22:50:26,-Infinity
2.442,9.04,3.198,0.0,2017-02-23 22:50:27,-Infinity
2.403,9.117,3.083,0.0,2017-02-23 22:50:28,-Infinity
2.403,9.04,3.083,0.0,2017-02-23 22:50:29,-Infinity
2.327,9.117,3.198,0.0,2017-02-23 22:50:30,-Infinity
2.327,9.079,3.198,0.0,2017-02-23 22:50:31,-Infinity
2.327,9.079,3.198,0.0,2017-02-23 22:50:32,-Infinity
2.633,9.462,3.122,0.0,2017-02-23 22:50:33,-Infinity
2.48,9.232,2.777,0.0,2017-02-23 22:50:34,-Infinity
2.48,9.194,2.93,0.0,2017-02-23 22:50:35,-Infinity
2.518,9.232,2.968,0.0,2017-02-23 22:50:36,-Infinity
2.442,9.194,2.968,0.0,2017-02-23 22:50:37,-Infinity
2.403,9.194,2.662,0.0,2017-02-23 22:50:38,-Infinity
2.518,9.232,2.892,0.0,2017-02-23 22:50:40,-Infinity
2.557,9.194,2.815,0.0,2017-02-23 22:50:41,-Infinity
2.518,9.27,2.892,0.0,2017-02-23 22:50:42,-Infinity
2.557,9.155,2.853,0.0,2017-02-23 22:50:43,-Infinity
2.442,9.155,2.853,0.0,2017-02-23 22:50:44,-Infinity
2.557,9.079,2.815,0.0,2017-02-23 22:50:45,-Infinity
2.557,9.117,2.968,0.0,2017-02-23 22:50:46,-Infinity
2.518,9.117,2.777,0.0,2017-02-23 22:50:47,-Infinity
2.442,9.194,2.853,0.0,2017-02-23 22:50:48,-Infinity
2.48,9.194,3.045,0.0,2017-02-23 22:50:49,-Infinity
2.557,9.117,2.93,0.0,2017-02-23 22:50:50,-Infinity
2.557,9.194,2.892,0.0,2017-02-23 22:50:51,-Infinity
2.595,9.117,2.93,0.0,2017-02-23 22:50:52,-Infinity
2.48,9.117,2.853,0.0,2017-02-23 22:50:53,-Infinity
2.518,9.155,2.93,0.0,2017-02-23 22:50:54,-Infinity
2.633,9.232,2.394,0.0,2017-02-23 22:50:55,-Infinity
2.327,9.155,2.892,0.0,2017-02-23 22:50:56,-Infinity
2.403,9.308,2.47,0.0,2017-02-23 22:50:57,-Infinity
2.327,9.385,1.743,0.0,2017-02-23 22:50:58,-Infinity
2.48,9.423,2.279,0.0,2017-02-23 22:50:59,-Infinity
2.518,9.347,2.126,0.0,2017-02-23 22:51:00,-Infinity
2.518,9.385,2.202,0.0,2017-02-23 22:51:01,-Infinity
2.557,9.308,2.241,0.0,2017-02-23 22:51:02,-Infinity
2.48,9.347,2.279,0.0,2017-02-23 22:51:03,-Infinity
2.518,9.347,2.202,0.0,2017-02-23 22:51:04,-Infinity
2.442,9.308,2.126,0.0,2017-02-23 22:51:05,-Infinity
2.518,9.308,2.241,0.0,2017-02-23 22:51:06,-Infinity
2.48,9.423,2.241,0.0,2017-02-23 22:51:07,-Infinity
2.48,9.308,2.202,0.0,2017-02-23 22:51:08,-Infinity
2.442,9.347,2.164,0.0,2017-02-23 22:51:09,-Infinity
2.48,9.27,2.279,0.0,2017-02-23 22:51:10,-Infinity
2.403,9.308,2.164,0.0,2017-02-23 22:51:11,-Infinity
2.403,9.347,2.355,0.0,2017-02-23 22:51:12,-Infinity
2.595,9.538,2.317,0.0,2017-02-23 22:51:13,-Infinity
1.79,9.73,0.019,0.0,2017-02-23 22:51:14,-Infinity
1.982,9.692,1.857,0.0,2017-02-23 22:51:15,-Infinity
2.595,8.427,1.168,0.0,2017-02-23 22:51:16,-Infinity
2.557,9.117,2.815,0.0,2017-02-23 22:51:17,-Infinity
2.557,9.27,2.585,0.0,2017-02-23 22:51:18,-Infinity
2.672,9.27,2.241,0.0,2017-02-23 22:51:19,-Infinity
2.71,9.347,2.164,0.0,2017-02-23 22:51:20,-Infinity
2.633,9.308,2.126,0.0,2017-02-23 22:51:21,-Infinity
2.633,9.308,2.202,0.0,2017-02-23 22:51:23,-Infinity
2.672,9.27,2.279,0.0,2017-02-23 22:51:24,-Infinity
2.672,9.308,2.279,0.0,2017-02-23 22:51:25,-Infinity
2.633,9.308,2.317,0.0,2017-02-23 22:51:26,-Infinity
2.633,9.27,2.355,0.0,2017-02-23 22:51:27,-Infinity
2.672,9.385,2.241,0.0,2017-02-23 22:51:28,-Infinity
2.672,9.308,2.317,0.0,2017-02-23 22:51:29,-Infinity
2.672,9.27,2.241,0.0,2017-02-23 22:51:30,-Infinity
2.672,9.27,2.241,0.0,2017-02-23 22:51:31,-Infinity
2.633,9.347,2.279,0.0,2017-02-23 22:51:32,-Infinity
2.595,9.27,2.355,0.0,2017-02-23 22:51:33,-Infinity
2.595,9.347,2.241,0.0,2017-02-23 22:51:34,-Infinity
2.633,9.308,2.355,0.0,2017-02-23 22:51:35,-Infinity
2.672,9.27,2.279,0.0,2017-02-23 22:51:36,-Infinity
2.557,9.347,2.241,0.0,2017-02-23 22:51:37,-Infinity
2.595,9.308,1.857,0.0,2017-02-23 22:51:38,-Infinity
2.672,9.347,1.857,0.0,2017-02-23 22:51:39,-Infinity
2.633,9.347,1.857,0.0,2017-02-23 22:51:40,-Infinity
2.633,9.347,1.896,0.0,2017-02-23 22:51:41,-Infinity
2.633,9.347,1.934,0.0,2017-02-23 22:51:42,-Infinity
2.672,9.347,1.972,0.0,2017-02-23 22:51:43,-Infinity
2.672,9.347,1.896,0.0,2017-02-23 22:51:44,-Infinity
2.557,9.385,2.011,0.0,2017-02-23 22:51:45,-Infinity
2.633,9.347,1.972,0.0,2017-02-23 22:51:46,-Infinity
2.557,9.385,1.896,0.0,2017-02-23 22:51:47,-Infinity
2.595,9.462,1.896,0.0,2017-02-23 22:51:48,-Infinity
2.633,9.347,1.896,0.0,2017-02-23 22:51:49,-Infinity
2.595,9.385,1.934,0.0,2017-02-23 22:51:50,-Infinity
2.595,9.385,1.934,0.0,2017-02-23 22:51:51,-Infinity
2.672,9.423,1.896,0.0,2017-02-23 22:51:52,-Infinity
2.633,9.347,1.934,0.0,2017-02-23 22:51:53,-Infinity
2.633,9.385,1.896,0.0,2017-02-23 22:51:54,-Infinity
2.595,9.423,1.857,0.0,2017-02-23 22:51:55,-Infinity
2.633,9.385,1.857,0.0,2017-02-23 22:51:56,-Infinity
2.557,9.347,2.011,0.0,2017-02-23 22:51:57,-Infinity
2.633,9.385,1.896,0.0,2017-02-23 22:51:58,-Infinity
2.672,9.385,1.628,0.0,2017-02-23 22:51:59,-Infinity
2.71,9.385,1.628,0.0,2017-02-23 22:52:00,-Infinity
2.672,9.385,1.551,0.0,2017-02-23 22:52:01,-Infinity
2.672,9.385,1.743,0.0,2017-02-23 22:52:02,-Infinity
2.71,9.423,1.513,0.0,2017-02-23 22:52:03,-Infinity
2.672,9.347,1.704,0.0,2017-02-23 22:52:04,-Infinity
2.71,9.423,1.781,0.0,2017-02-23 22:52:05,-Infinity
2.71,9.423,1.743,0.0,2017-02-23 22:52:06,-Infinity
2.71,9.347,1.743,0.0,2017-02-23 22:52:07,-Infinity
2.327,9.845,0.67,0.0,2017-02-23 22:52:08,-Infinity
4.28,9.117,0.67,0.0,2017-02-23 22:52:09,-Infinity
7.077,3.754,-6.11,0.0,2017-02-23 22:52:11,-Infinity
6.617,3.371,-6.838,0.0,2017-02-23 22:52:12,-Infinity
6.234,3.524,-6.838,0.0,2017-02-23 22:52:13,-Infinity
6.158,4.29,-5.612,0.0,2017-02-23 22:52:14,-Infinity
5.468,6.014,-4.922,0.0,2017-02-23 22:52:15,-Infinity
6.158,5.363,-5.765,0.0,2017-02-23 22:52:16,-Infinity
5.928,5.707,-5.458,0.0,2017-02-23 22:52:17,-Infinity
5.698,5.669,-5.42,0.0,2017-02-23 22:52:18,-Infinity
5.928,5.439,-5.344,0.0,2017-02-23 22:52:19,-Infinity
6.387,5.171,-5.65,0.0,2017-02-23 22:52:20,-Infinity
6.579,5.286,-5.535,0.0,2017-02-23 22:52:21,-Infinity
5.966,5.018,-6.033,0.0,2017-02-23 22:52:22,-Infinity
6.081,5.018,-5.765,0.0,2017-02-23 22:52:23,-Infinity
6.043,5.095,-6.033,0.0,2017-02-23 22:52:24,-Infinity
6.081,5.056,-5.842,0.0,2017-02-23 22:52:25,-Infinity
6.081,5.056,-5.803,0.0,2017-02-23 22:52:26,-Infinity
6.196,5.018,-5.765,0.0,2017-02-23 22:52:27,-Infinity
6.043,5.018,-5.842,0.0,2017-02-23 22:52:28,-Infinity
6.043,5.018,-5.765,0.0,2017-02-23 22:52:29,-Infinity
6.158,5.018,-5.803,0.0,2017-02-23 22:52:30,-Infinity
6.119,5.056,-5.918,0.0,2017-02-23 22:52:31,-Infinity
6.119,5.056,-5.88,0.0,2017-02-23 22:52:32,-Infinity
6.158,4.98,-5.918,0.0,2017-02-23 22:52:33,-Infinity
6.158,5.095,-5.803,0.0,2017-02-23 22:52:34,-Infinity
7.23,5.976,-3.198,0.0,2017-02-23 22:52:35,-Infinity
7.613,4.903,-3.62,0.0,2017-02-23 22:52:36,-Infinity
6.771,4.865,-4.003,0.0,2017-02-23 22:52:37,-Infinity
2.059,9.079,4.462,0.0,2017-02-23 22:52:38,-Infinity
2.212,9.002,4.424,0.0,2017-02-23 22:52:39,-Infinity
1.867,9.347,2.317,0.0,2017-02-23 22:52:40,-Infinity
2.174,9.423,2.241,0.0,2017-02-23 22:52:41,-Infinity
2.212,9.308,2.432,0.0,2017-02-23 22:52:42,-Infinity
2.097,9.347,2.394,0.0,2017-02-23 22:52:43,-Infinity
2.825,9.385,1.168,0.0,2017-02-23 22:52:44,-Infinity
2.288,9.5,1.781,0.0,2017-02-23 22:52:45,-Infinity
2.365,9.385,1.934,0.0,2017-02-23 22:52:46,-Infinity
2.403,9.423,1.934,0.0,2017-02-23 22:52:47,-Infinity
2.403,9.423,1.857,0.0,2017-02-23 22:52:48,-Infinity
2.442,9.423,2.087,0.0,2017-02-23 22:52:49,-Infinity
2.403,9.5,2.011,0.0,2017-02-23 22:52:50,-Infinity
2.327,9.423,1.934,0.0,2017-02-23 22:52:51,-Infinity
2.288,9.347,2.202,0.0,2017-02-23 22:52:52,-Infinity
2.365,9.423,2.049,0.0,2017-02-23 22:52:53,-Infinity
2.327,9.423,2.049,0.0,2017-02-23 22:52:54,-Infinity
2.25,9.385,2.049,0.0,2017-02-23 22:52:56,-Infinity
2.25,9.385,2.126,0.0,2017-02-23 22:52:57,-Infinity
2.25,9.385,2.087,0.0,2017-02-23 22:52:58,-Infinity
2.288,9.423,2.164,0.0,2017-02-23 22:52:59,-Infinity
2.288,9.462,2.049,0.0,2017-02-23 22:53:00,-Infinity
2.288,9.462,2.241,0.0,2017-02-23 22:53:01,-Infinity
2.365,9.385,2.126,0.0,2017-02-23 22:53:02,-Infinity
2.288,9.347,2.164,0.0,2017-02-23 22:53:03,-Infinity
2.403,9.423,2.011,0.0,2017-02-23 22:53:04,-Infinity
2.327,9.5,1.934,0.0,2017-02-23 22:53:05,-Infinity
2.365,9.423,1.857,0.0,2017-02-23 22:53:06,-Infinity
2.403,9.462,1.704,0.0,2017-02-23 22:53:07,-Infinity
2.02,9.577,1.857,0.0,2017-02-23 22:53:08,-Infinity
2.059,9.577,1.474,0.0,2017-02-23 22:53:09,-Infinity
2.097,9.538,1.551,0.0,2017-02-23 22:53:10,-Infinity
2.097,9.538,1.666,0.0,2017-02-23 22:53:11,-Infinity
2.097,9.577,1.628,0.0,2017-02-23 22:53:12,-Infinity
2.097,9.577,1.666,0.0,2017-02-23 22:53:13,-Infinity
2.097,9.653,1.704,0.0,2017-02-23 22:53:14,-Infinity
2.02,9.5,1.819,0.0,2017-02-23 22:53:15,-Infinity
1.982,9.653,1.819,0.0,2017-02-23 22:53:16,-Infinity
1.944,9.462,1.857,0.0,2017-02-23 22:53:17,-Infinity
2.02,9.5,1.896,0.0,2017-02-23 22:53:18,-Infinity
1.982,9.577,1.896,0.0,2017-02-23 22:53:19,-Infinity
2.02,9.538,1.857,0.0,2017-02-23 22:53:20,-Infinity
2.097,9.538,1.896,0.0,2017-02-23 22:53:21,-Infinity
1.982,9.577,1.819,0.0,2017-02-23 22:53:22,-Infinity
1.944,9.5,1.781,0.0,2017-02-23 22:53:23,-Infinity
2.02,9.577,1.857,0.0,2017-02-23 22:53:24,-Infinity
1.982,9.577,1.857,0.0,2017-02-23 22:53:25,-Infinity
2.02,9.538,2.011,0.0,2017-02-23 22:53:26,-Infinity
1.982,9.5,2.049,0.0,2017-02-23 22:53:27,-Infinity
1.905,9.577,1.896,0.0,2017-02-23 22:53:28,-Infinity
1.867,9.577,1.934,0.0,2017-02-23 22:53:29,-Infinity
1.905,9.5,1.972,0.0,2017-02-23 22:53:30,-Infinity
1.905,9.538,2.049,0.0,2017-02-23 22:53:31,-Infinity
1.905,9.577,1.857,0.0,2017-02-23 22:53:32,-Infinity
1.867,9.423,1.972,0.0,2017-02-23 22:53:33,-Infinity
1.982,9.5,1.896,0.0,2017-02-23 22:53:34,-Infinity
2.02,9.538,1.972,0.0,2017-02-23 22:53:35,-Infinity
1.944,9.538,2.087,0.0,2017-02-23 22:53:36,-Infinity
1.867,9.5,2.087,0.0,2017-02-23 22:53:37,-Infinity
1.944,9.5,2.049,0.0,2017-02-23 22:53:38,-Infinity
2.02,9.577,2.202,0.0,2017-02-23 22:53:40,-Infinity
1.829,9.462,2.355,0.0,2017-02-23 22:53:41,-Infinity
1.829,9.5,2.279,0.0,2017-02-23 22:53:42,-Infinity
1.79,9.385,2.317,0.0,2017-02-23 22:53:43,-Infinity
1.79,9.5,2.279,0.0,2017-02-23 22:53:44,-Infinity
1.867,9.423,2.317,0.0,2017-02-23 22:53:45,-Infinity
1.829,9.462,2.394,0.0,2017-02-23 22:53:46,-Infinity
1.599,9.423,2.279,0.0,2017-02-23 22:53:47,-Infinity
1.829,9.423,2.47,0.0,2017-02-23 22:53:48,-Infinity
1.714,9.462,2.47,0.0,2017-02-23 22:53:49,-Infinity
1.829,9.462,2.509,0.0,2017-02-23 22:53:50,-Infinity
1.79,9.423,2.547,0.0,2017-02-23 22:53:51,-Infinity
1.79,9.385,2.547,0.0,2017-02-23 22:53:52,-Infinity
1.752,9.423,2.624,0.0,2017-02-23 22:53:53,-Infinity
1.752,9.462,2.509,0.0,2017-02-23 22:53:54,-Infinity
1.79,9.423,2.662,0.0,2017-02-23 22:53:55,-Infinity
1.79,9.423,2.509,0.0,2017-02-23 22:53:56,-Infinity
1.752,9.462,2.662,0.0,2017-02-23 22:53:57,-Infinity
1.752,9.423,2.585,0.0,2017-02-23 22:53:58,-Infinity
1.79,9.462,2.624,0.0,2017-02-23 22:53:59,-Infinity
1.752,9.347,2.662,0.0,2017-02-23 22:54:00,-Infinity
1.714,9.462,2.7,0.0,2017-02-23 22:54:01,-Infinity
1.79,9.385,2.624,0.0,2017-02-23 22:54:02,-Infinity
1.714,9.423,2.624,0.0,2017-02-23 22:54:03,-Infinity
1.79,9.423,2.585,0.0,2017-02-23 22:54:04,-Infinity
1.752,9.423,2.662,0.0,2017-02-23 22:54:05,-Infinity
1.752,9.385,2.547,0.0,2017-02-23 22:54:06,-Infinity
1.752,9.385,2.585,0.0,2017-02-23 22:54:07,-Infinity
1.676,9.385,2.624,0.0,2017-02-23 22:54:08,-Infinity
1.714,9.423,2.624,0.0,2017-02-23 22:54:09,-Infinity
1.752,9.423,2.624,0.0,2017-02-23 22:54:10,-Infinity
1.752,9.423,2.509,0.0,2017-02-23 22:54:11,-Infinity
1.752,9.385,2.394,0.0,2017-02-23 22:54:12,-Infinity
1.752,9.423,2.509,0.0,2017-02-23 22:54:13,-Infinity
1.79,9.462,2.509,0.0,2017-02-23 22:54:14,-Infinity
1.79,9.347,2.47,0.0,2017-02-23 22:54:15,-Infinity
1.79,9.462,2.394,0.0,2017-02-23 22:54:16,-Infinity
1.829,9.462,2.547,0.0,2017-02-23 22:54:17,-Infinity
1.829,9.423,2.547,0.0,2017-02-23 22:54:18,-Infinity
1.79,9.462,2.509,0.0,2017-02-23 22:54:19,-Infinity
1.829,9.423,2.432,0.0,2017-02-23 22:54:20,-Infinity
1.79,9.423,2.47,0.0,2017-02-23 22:54:21,-Infinity
1.752,9.385,2.547,0.0,2017-02-23 22:54:22,-Infinity
1.752,9.423,2.662,0.0,2017-02-23 22:54:23,-Infinity
1.752,9.462,2.509,0.0,2017-02-23 22:54:24,-Infinity
1.714,9.423,2.585,0.0,2017-02-23 22:54:25,-Infinity
1.79,9.462,2.509,0.0,2017-02-23 22:54:26,-Infinity
1.676,9.308,2.777,0.0,2017-02-23 22:54:27,-Infinity
1.714,9.462,2.7,0.0,2017-02-23 22:54:29,-Infinity
1.676,9.385,2.662,0.0,2017-02-23 22:54:30,-Infinity
1.829,9.308,2.777,0.0,2017-02-23 22:54:31,-Infinity
1.79,9.347,2.815,0.0,2017-02-23 22:54:32,-Infinity
1.637,9.347,2.892,0.0,2017-02-23 22:54:33,-Infinity
1.676,9.347,3.122,0.0,2017-02-23 22:54:34,-Infinity
1.676,9.308,2.968,0.0,2017-02-23 22:54:35,-Infinity
1.676,9.347,2.968,0.0,2017-02-23 22:54:36,-Infinity
1.637,9.347,2.892,0.0,2017-02-23 22:54:37,-Infinity
1.637,9.347,2.968,0.0,2017-02-23 22:54:38,-Infinity
1.637,9.385,2.892,0.0,2017-02-23 22:54:39,-Infinity
1.676,9.308,2.93,0.0,2017-02-23 22:54:40,-Infinity
1.599,9.308,3.007,0.0,2017-02-23 22:54:41,-Infinity
1.522,9.308,2.968,0.0,2017-02-23 22:54:42,-Infinity
1.637,9.347,2.93,0.0,2017-02-23 22:54:43,-Infinity
1.599,9.347,2.93,0.0,2017-02-23 22:54:44,-Infinity
1.637,9.385,3.045,0.0,2017-02-23 22:54:45,-Infinity
1.676,9.308,2.93,0.0,2017-02-23 22:54:46,-Infinity
1.676,9.347,3.122,0.0,2017-02-23 22:54:47,-Infinity
1.637,9.308,3.122,0.0,2017-02-23 22:54:48,-Infinity
1.637,9.308,2.93,0.0,2017-02-23 22:54:49,-Infinity
1.637,9.308,3.045,0.0,2017-02-23 22:54:50,-Infinity
1.676,9.308,3.007,0.0,2017-02-23 22:54:51,-Infinity
1.599,9.308,2.93,0.0,2017-02-23 22:54:52,-Infinity
1.676,9.27,3.045,0.0,2017-02-23 22:54:53,-Infinity
1.714,9.308,3.007,0.0,2017-02-23 22:54:54,-Infinity
1.676,9.27,2.968,0.0,2017-02-23 22:54:55,-Infinity
1.599,9.308,2.968,0.0,2017-02-23 22:54:56,-Infinity
1.637,9.308,3.045,0.0,2017-02-23 22:54:57,-Infinity
1.676,9.27,3.237,0.0,2017-02-23 22:54:58,-Infinity
1.637,9.27,3.237,0.0,2017-02-23 22:54:59,-Infinity
1.752,9.308,2.892,0.0,2017-02-23 22:55:00,-Infinity
1.637,9.308,3.083,0.0,2017-02-23 22:55:01,-Infinity
1.637,9.308,3.007,0.0,2017-02-23 22:55:02,-Infinity
1.637,9.347,3.007,0.0,2017-02-23 22:55:03,-Infinity
1.676,9.308,3.045,0.0,2017-02-23 22:55:04,-Infinity
1.599,9.347,2.968,0.0,2017-02-23 22:55:05,-Infinity
1.714,9.308,2.93,0.0,2017-02-23 22:55:06,-Infinity
1.637,9.308,2.93,0.0,2017-02-23 22:55:07,-Infinity
1.637,9.308,3.122,0.0,2017-02-23 22:55:08,-Infinity
1.561,9.308,3.083,0.0,2017-02-23 22:55:09,-Infinity
1.676,9.308,2.93,0.0,2017-02-23 22:55:10,-Infinity
1.561,9.308,3.007,0.0,2017-02-23 22:55:12,-Infinity
1.676,9.347,2.93,0.0,2017-02-23 22:55:13,-Infinity
1.676,9.308,3.045,0.0,2017-02-23 22:55:14,-Infinity
1.637,9.308,3.16,0.0,2017-02-23 22:55:15,-Infinity
1.637,9.385,3.083,0.0,2017-02-23 22:55:16,-Infinity
1.829,9.538,2.509,0.0,2017-02-23 22:55:17,-Infinity
1.79,9.385,2.509,0.0,2017-02-23 22:55:18,-Infinity
1.522,9.423,2.509,0.0,2017-02-23 22:55:19,-Infinity
1.599,9.807,1.781,0.0,2017-02-23 22:55:20,-Infinity
1.79,9.462,2.202,0.0,2017-02-23 22:55:21,-Infinity
1.676,9.462,2.47,0.0,2017-02-23 22:55:22,-Infinity
1.676,9.347,2.394,0.0,2017-02-23 22:55:23,-Infinity
1.637,9.5,2.394,0.0,2017-02-23 22:55:24,-Infinity
1.714,9.462,2.432,0.0,2017-02-23 22:55:25,-Infinity
1.637,9.538,2.432,0.0,2017-02-23 22:55:26,-Infinity
1.599,9.462,2.317,0.0,2017-02-23 22:55:27,-Infinity
1.637,9.462,2.394,0.0,2017-02-23 22:55:28,-Infinity
1.637,9.538,2.394,0.0,2017-02-23 22:55:29,-Infinity
1.599,9.462,2.47,0.0,2017-02-23 22:55:30,-Infinity
1.599,9.5,2.432,0.0,2017-02-23 22:55:31,-Infinity
1.561,9.5,2.432,0.0,2017-02-23 22:55:32,-Infinity
1.637,9.423,2.432,0.0,2017-02-23 22:55:33,-Infinity
1.599,9.5,2.47,0.0,2017-02-23 22:55:34,-Infinity
1.637,9.538,2.432,0.0,2017-02-23 22:55:35,-Infinity
1.637,9.462,2.432,0.0,2017-02-23 22:55:36,-Infinity
1.561,9.5,2.432,0.0,2017-02-23 22:55:37,-Infinity
1.637,9.462,2.355,0.0,2017-02-23 22:55:38,-Infinity
1.522,9.5,2.164,0.0,2017-02-23 22:55:39,-Infinity
1.216,9.577,2.509,0.0,2017-02-23 22:55:40,-Infinity
1.331,9.538,2.432,0.0,2017-02-23 22:55:41,-Infinity
1.867,9.577,2.432,0.0,2017-02-23 22:55:42,-Infinity
1.867,9.615,2.126,0.0,2017-02-23 22:55:43,-Infinity
1.79,9.347,2.317,0.0,2017-02-23 22:55:44,-Infinity
1.829,9.5,2.355,0.0,2017-02-23 22:55:45,-Infinity
1.905,9.462,2.317,0.0,2017-02-23 22:55:46,-Infinity
1.829,9.385,2.394,0.0,2017-02-23 22:55:47,-Infinity
1.867,9.462,2.432,0.0,2017-02-23 22:55:48,-Infinity
1.867,9.423,2.394,0.0,2017-02-23 22:55:49,-Infinity
1.829,9.462,2.432,0.0,2017-02-23 22:55:50,-Infinity
1.905,9.462,2.355,0.0,2017-02-23 22:55:51,-Infinity
1.829,9.462,2.432,0.0,2017-02-23 22:55:52,-Infinity
1.829,9.462,2.355,0.0,2017-02-23 22:55:53,-Infinity
1.867,9.5,2.432,0.0,2017-02-23 22:55:54,-Infinity
1.79,9.462,2.317,0.0,2017-02-23 22:55:55,-Infinity
1.829,9.462,2.47,0.0,2017-02-23 22:55:57,-Infinity
1.867,9.462,2.47,0.0,2017-02-23 22:55:58,-Infinity
1.829,9.462,2.355,0.0,2017-02-23 22:55:59,-Infinity
1.79,9.423,2.355,0.0,2017-02-23 22:56:00,-Infinity
1.714,9.385,2.355,0.0,2017-02-23 22:56:01,-Infinity
1.829,9.462,2.394,0.0,2017-02-23 22:56:02,-Infinity
1.905,9.462,2.202,0.0,2017-02-23 22:56:03,-Infinity
1.829,9.423,2.394,0.0,2017-02-23 22:56:04,-Infinity
1.829,9.423,2.355,0.0,2017-02-23 22:56:05,-Infinity
1.79,9.423,2.47,0.0,2017-02-23 22:56:06,-Infinity
1.79,9.538,2.394,0.0,2017-02-23 22:56:07,-Infinity
1.752,9.423,2.394,0.0,2017-02-23 22:56:08,-Infinity
1.829,9.462,2.432,0.0,2017-02-23 22:56:09,-Infinity
1.79,9.462,2.355,0.0,2017-02-23 22:56:10,-Infinity
1.79,9.423,2.317,0.0,2017-02-23 22:56:11,-Infinity
1.752,9.5,2.47,0.0,2017-02-23 22:56:12,-Infinity
1.867,9.462,2.432,0.0,2017-02-23 22:56:13,-Infinity
1.829,9.5,2.47,0.0,2017-02-23 22:56:14,-Infinity
1.79,9.462,2.47,0.0,2017-02-23 22:56:15,-Infinity
1.79,9.423,2.394,0.0,2017-02-23 22:56:16,-Infinity
1.79,9.5,2.432,0.0,2017-02-23 22:56:17,-Infinity
1.752,9.462,2.432,0.0,2017-02-23 22:56:18,-Infinity
1.829,9.462,2.394,0.0,2017-02-23 22:56:19,-Infinity
1.829,9.423,2.47,0.0,2017-02-23 22:56:20,-Infinity
1.829,9.462,2.509,0.0,2017-02-23 22:56:21,-Infinity
1.752,9.423,2.355,0.0,2017-02-23 22:56:22,-Infinity
1.905,9.385,2.547,0.0,2017-02-23 22:56:23,-Infinity
1.829,9.5,2.509,0.0,2017-02-23 22:56:24,-Infinity
1.79,9.347,2.432,0.0,2017-02-23 22:56:25,-Infinity
1.829,9.423,2.47,0.0,2017-02-23 22:56:26,-Infinity
1.829,9.462,2.432,0.0,2017-02-23 22:56:27,-Infinity
1.867,9.462,2.47,0.0,2017-02-23 22:56:28,-Infinity
1.829,9.385,2.509,0.0,2017-02-23 22:56:29,-Infinity
1.829,9.423,2.547,0.0,2017-02-23 22:56:30,-Infinity
1.867,9.423,2.509,0.0,2017-02-23 22:56:31,-Infinity
1.867,9.385,2.547,0.0,2017-02-23 22:56:32,-Infinity
1.829,9.385,2.432,0.0,2017-02-23 22:56:33,-Infinity
1.867,9.423,2.547,0.0,2017-02-23 22:56:34,-Infinity
1.829,9.423,2.509,0.0,2017-02-23 22:56:35,-Infinity
1.829,9.347,2.547,0.0,2017-02-23 22:56:36,-Infinity
1.867,9.385,2.355,0.0,2017-02-23 22:56:37,-Infinity
1.752,9.423,2.585,0.0,2017-02-23 22:56:38,-Infinity
1.867,9.462,2.317,0.0,2017-02-23 22:56:39,-Infinity
1.79,9.462,2.394,0.0,2017-02-23 22:56:40,-Infinity
1.752,9.385,2.624,0.0,2017-02-23 22:56:41,-Infinity
1.752,9.423,2.47,0.0,2017-02-23 22:56:42,-Infinity
1.867,9.423,2.432,0.0,2017-02-23 22:56:43,-Infinity
1.79,9.5,2.432,0.0,2017-02-23 22:56:45,-Infinity
1.829,9.423,2.47,0.0,2017-02-23 22:56:46,-Infinity
1.829,9.5,2.394,0.0,2017-02-23 22:56:47,-Infinity
1.867,9.538,2.547,0.0,2017-02-23 22:56:48,-Infinity
1.79,9.423,2.47,0.0,2017-02-23 22:56:49,-Infinity
1.829,9.423,2.547,0.0,2017-02-23 22:56:50,-Infinity
1.79,9.462,2.432,0.0,2017-02-23 22:56:51,-Infinity
1.79,9.5,2.509,0.0,2017-02-23 22:56:52,-Infinity
1.752,9.462,2.432,0.0,2017-02-23 22:56:53,-Infinity
1.829,9.5,2.432,0.0,2017-02-23 22:56:54,-Infinity
1.829,9.462,2.547,0.0,2017-02-23 22:56:55,-Infinity
1.79,9.423,2.509,0.0,2017-02-23 22:56:56,-Infinity
1.79,9.462,2.547,0.0,2017-02-23 22:56:57,-Infinity
1.752,9.462,2.509,0.0,2017-02-23 22:56:58,-Infinity
1.714,9.462,2.509,0.0,2017-02-23 22:56:59,-Infinity
1.752,9.423,2.509,0.0,2017-02-23 22:57:00,-Infinity
1.714,9.423,2.624,0.0,2017-02-23 22:57:01,-Infinity
1.676,9.423,2.585,0.0,2017-02-23 22:57:02,-Infinity
1.752,9.423,2.394,0.0,2017-02-23 22:57:03,-Infinity
1.752,9.423,2.509,0.0,2017-02-23 22:57:04,-Infinity
1.714,9.5,2.509,0.0,2017-02-23 22:57:05,-Infinity
1.714,9.385,2.509,0.0,2017-02-23 22:57:06,-Infinity
1.637,9.423,2.547,0.0,2017-02-23 22:57:07,-Infinity
1.714,9.462,2.547,0.0,2017-02-23 22:57:08,-Infinity
1.676,9.462,2.547,0.0,2017-02-23 22:57:09,-Infinity
1.752,9.423,2.547,0.0,2017-02-23 22:57:10,-Infinity
1.867,9.462,2.585,0.0,2017-02-23 22:57:11,-Infinity
1.79,9.462,2.547,0.0,2017-02-23 22:57:12,-Infinity
1.829,9.462,2.47,0.0,2017-02-23 22:57:13,-Infinity
1.752,9.423,2.317,0.0,2017-02-23 22:57:14,-Infinity
1.867,9.5,2.47,0.0,2017-02-23 22:57:15,-Infinity
1.829,9.308,2.47,0.0,2017-02-23 22:57:16,-Infinity
1.752,9.423,2.509,0.0,2017-02-23 22:57:17,-Infinity
1.714,9.423,2.624,0.0,2017-02-23 22:57:18,-Infinity
1.867,9.423,2.394,0.0,2017-02-23 22:57:19,-Infinity
1.752,9.462,2.355,0.0,2017-02-23 22:57:20,-Infinity
1.752,9.423,2.509,0.0,2017-02-23 22:57:21,-Infinity
1.79,9.462,2.47,0.0,2017-02-23 22:57:22,-Infinity
1.752,9.5,2.509,0.0,2017-02-23 22:57:23,-Infinity
1.752,9.462,2.47,0.0,2017-02-23 22:57:24,-Infinity
1.79,9.462,2.547,0.0,2017-02-23 22:57:25,-Infinity
1.79,9.462,2.547,0.0,2017-02-23 22:57:26,-Infinity
1.714,9.423,2.547,0.0,2017-02-23 22:57:27,-Infinity
1.752,9.462,2.509,0.0,2017-02-23 22:57:28,-Infinity
1.752,9.5,2.509,0.0,2017-02-23 22:57:30,-Infinity
1.752,9.385,2.585,0.0,2017-02-23 22:57:31,-Infinity
1.752,9.423,2.509,0.0,2017-02-23 22:57:32,-Infinity
1.752,9.462,2.509,0.0,2017-02-23 22:57:33,-Infinity
1.752,9.423,2.624,0.0,2017-02-23 22:57:34,-Infinity
1.829,9.462,2.585,0.0,2017-02-23 22:57:35,-Infinity
1.79,9.462,2.47,0.0,2017-02-23 22:57:36,-Infinity
1.79,9.5,2.624,0.0,2017-02-23 22:57:37,-Infinity
1.79,9.462,2.662,0.0,2017-02-23 22:57:38,-Infinity
1.752,9.423,2.624,0.0,2017-02-23 22:57:39,-Infinity
1.714,9.423,2.624,0.0,2017-02-23 22:57:40,-Infinity
1.676,9.423,2.662,0.0,2017-02-23 22:57:41,-Infinity
1.79,9.462,2.509,0.0,2017-02-23 22:57:42,-Infinity
1.829,9.385,2.624,0.0,2017-02-23 22:57:43,-Infinity
1.752,9.347,2.509,0.0,2017-02-23 22:57:44,-Infinity
1.714,9.423,2.7,0.0,2017-02-23 22:57:45,-Infinity
1.752,9.462,2.585,0.0,2017-02-23 22:57:46,-Infinity
1.714,9.385,2.547,0.0,2017-02-23 22:57:47,-Infinity
1.676,9.347,2.509,0.0,2017-02-23 22:57:48,-Infinity
1.752,9.462,2.547,0.0,2017-02-23 22:57:49,-Infinity
1.676,9.423,2.547,0.0,2017-02-23 22:57:50,-Infinity
1.676,9.423,2.585,0.0,2017-02-23 22:57:51,-Infinity
1.637,9.423,2.509,0.0,2017-02-23 22:57:52,-Infinity
1.676,9.385,2.509,0.0,2017-02-23 22:57:53,-Infinity
1.714,9.423,2.585,0.0,2017-02-23 22:57:54,-Infinity
1.752,9.385,2.585,0.0,2017-02-23 22:57:55,-Infinity
1.676,9.423,2.547,0.0,2017-02-23 22:57:56,-Infinity
1.714,9.385,2.7,0.0,2017-02-23 22:57:57,-Infinity
1.752,9.385,2.739,0.0,2017-02-23 22:57:58,-Infinity
1.637,9.385,2.662,0.0,2017-02-23 22:57:59,-Infinity
1.676,9.462,2.585,0.0,2017-02-23 22:58:00,-Infinity
1.714,9.462,2.585,0.0,2017-02-23 22:58:01,-Infinity
1.561,9.347,2.739,0.0,2017-02-23 22:58:02,-Infinity
1.676,9.423,2.509,0.0,2017-02-23 22:58:03,-Infinity
1.637,9.462,2.662,0.0,2017-02-23 22:58:04,-Infinity
1.637,9.462,2.624,0.0,2017-02-23 22:58:05,-Infinity
1.637,9.423,2.662,0.0,2017-02-23 22:58:06,-Infinity
1.599,9.462,2.662,0.0,2017-02-23 22:58:07,-Infinity
1.637,9.462,2.624,0.0,2017-02-23 22:58:08,-Infinity
1.676,9.462,2.662,0.0,2017-02-23 22:58:10,-Infinity
1.676,9.385,2.662,0.0,2017-02-23 22:58:11,-Infinity
1.676,9.462,2.662,0.0,2017-02-23 22:58:12,-Infinity
1.714,9.385,2.624,0.0,2017-02-23 22:58:13,-Infinity
1.676,9.423,2.662,0.0,2017-02-23 22:58:14,-Infinity
1.637,9.462,2.777,0.0,2017-02-23 22:58:15,-Infinity
1.637,9.462,2.624,0.0,2017-02-23 22:58:16,-Infinity
1.637,9.385,2.624,0.0,2017-02-23 22:58:17,-Infinity
1.637,9.462,2.7,0.0,2017-02-23 22:58:18,-Infinity
1.676,9.423,2.662,0.0,2017-02-23 22:58:19,-Infinity
1.676,9.423,2.662,0.0,2017-02-23 22:58:20,-Infinity
1.676,9.462,2.585,0.0,2017-02-23 22:58:21,-Infinity
1.676,9.538,2.739,0.0,2017-02-23 22:58:22,-Infinity
1.599,9.462,2.624,0.0,2017-02-23 22:58:23,-Infinity
1.637,9.423,2.662,0.0,2017-02-23 22:58:24,-Infinity
1.599,9.423,2.624,0.0,2017-02-23 22:58:25,-Infinity
1.676,9.462,2.585,0.0,2017-02-23 22:58:26,-Infinity
1.599,9.423,2.662,0.0,2017-02-23 22:58:27,-Infinity
1.637,9.462,2.739,0.0,2017-02-23 22:58:28,-Infinity
1.637,9.423,2.662,0.0,2017-02-23 22:58:29,-Infinity
1.599,9.423,2.624,0.0,2017-02-23 22:58:30,-Infinity
1.561,9.423,2.7,0.0,2017-02-23 22:58:31,-Infinity
1.599,9.462,2.662,0.0,2017-02-23 22:58:32,-Infinity
1.561,9.462,2.7,0.0,2017-02-23 22:58:33,-Infinity
1.599,9.423,2.585,0.0,2017-02-23 22:58:34,-Infinity
1.561,9.462,2.853,0.0,2017-02-23 22:58:35,-Infinity
1.599,9.462,2.662,0.0,2017-02-23 22:58:36,-Infinity
1.522,9.423,2.662,0.0,2017-02-23 22:58:37,-Infinity
1.522,9.385,2.7,0.0,2017-02-23 22:58:38,-Infinity
1.561,9.423,2.624,0.0,2017-02-23 22:58:39,-Infinity
1.446,9.423,2.7,0.0,2017-02-23 22:58:40,-Infinity
1.561,9.462,2.777,0.0,2017-02-23 22:58:41,-Infinity
1.599,9.385,2.739,0.0,2017-02-23 22:58:42,-Infinity
1.599,9.385,2.624,0.0,2017-02-23 22:58:43,-Infinity
1.561,9.347,2.739,0.0,2017-02-23 22:58:44,-Infinity
1.522,9.615,2.662,0.0,2017-02-23 22:58:45,-Infinity
6.004,-3.524,-8.293,0.0,2017-02-23 22:58:46,-Infinity
9.261,-2.719,-0.593,0.0,2017-02-23 22:58:47,-Infinity
3.897,-5.746,-2.777,0.0,2017-02-23 22:58:48,-Infinity
4.127,-8.581,-1.628,0.0,2017-02-23 22:58:49,-Infinity
5.851,-3.064,-8.217,0.0,2017-02-23 22:58:50,-Infinity
0.105,-8.542,3.735,0.0,2017-02-23 22:58:51,-Infinity
4.97,-6.933,-1.896,0.0,2017-02-23 22:58:52,-Infinity
7.728,-4.941,0.708,0.0,2017-02-23 22:58:53,-Infinity
2.71,-11.684,-0.325,0.0,2017-02-23 22:58:54,-Infinity
0.565,-8.734,3.275,0.0,2017-02-23 22:58:55,-Infinity
-0.201,-9.079,3.16,0.0,2017-02-23 22:58:56,-Infinity
-0.047,-9.845,1.857,0.0,2017-02-23 22:58:58,-Infinity
1.331,-8.619,-2.739,0.0,2017-02-23 22:58:59,-Infinity
2.825,-8.236,-3.926,0.0,2017-02-23 22:59:00,-Infinity
4.012,-8.581,-1.283,0.0,2017-02-23 22:59:01,-Infinity
4.855,-7.776,-0.9,0.0,2017-02-23 22:59:02,-Infinity